_id,CFD_ID,Name_of_CFD_Unit,Allocation_Round,Technology_Type,Transmission_or_Distribution_connection,Status,Expected_Start_Date,Maximum_Contract_Capacity_MW
1,AAA-ACH-183,Achlachan Wind Farm,Allocation Round 1,Onshore Wind,Distribution,Live (Post-FIC),"",10.000
2,AAA-BAD-185,Bad A Cheo Wind Farm,Allocation Round 1,Onshore Wind,Transmission,Live (Post-FIC),"",26.340
3,AAA-BAN-189,Kype Muir Wind Farm,Allocation Round 1,Onshore Wind,Transmission,Live (Post-FIC),"",87.230
4,AAA-BAN-190,Moor House Wind Farm,Allocation Round 1,Onshore Wind,Distribution,Live (Post-FIC),"",11.960
5,AAA-BAN-192,Middle Muir Wind Farm,Allocation Round 1,Onshore Wind,Transmission,Live (Post-FIC),"",50.730
6,AAA-BRE-177,Brenig Wind Farm,Allocation Round 1,Onshore Wind,Distribution,Live (Post-FIC),"",37.600
7,AAA-CAM-197,Triangle Farm Solar Park,Allocation Round 1,Solar PV,Distribution,Live (Post-FIC),"",10.900
8,AAA-CLO-186,Clocaenog Forest Wind Farm,Allocation Round 1,Onshore Wind,Distribution,Live (Post-FIC),"",95.680
9,AAA-COI-196,Coire Na Cloiche Windfarm,Allocation Round 1,Onshore Wind,Distribution,Live (Post-FIC),"",30.000
10,AAA-COM-191,Common Barn Wind Farm,Allocation Round 1,Onshore Wind,Distribution,Live (Post-FIC),"",6.070
11,AAA-DOR-182,Dorenell Wind Farm,Allocation Round 1,Onshore Wind,Transmission,Live (Post-FIC),"",173.700
12,AAA-ENE-171,Energy Works (Hull),Allocation Round 1,Advanced Conversion Technology,Distribution,Live (Post-FIC),"",25.000
13,AAA-ENV-169,Enviroparks Hirwaun Generation Site,Allocation Round 1,Advanced Conversion Technology,Distribution,Terminated,"",11.000
14,AAA-GEN-188,Wren Power and Pulp,Allocation Round 1,Energy from Waste,Distribution,Terminated,"",49.750
15,AAA-K3C-180,K3 CHP Facility,Allocation Round 1,Energy from Waste,Distribution,Live (Post-FIC),"",45.000
16,AAA-LIG-176,Charity Farm,Allocation Round 1,Solar PV,Distribution,Live (Post-FIC),"",11.940
17,AAA-MYN-178,Mynydd Y Gwair Wind Farm,Allocation Round 1,Onshore Wind,Distribution,Live (Post-FIC),"",32.215
18,AAA-NAN-184,Nanclach Wind Farm,Allocation Round 1,Onshore Wind,Distribution,Live (Post-FIC),"",39.100
19,AAA-NEA-195,Neart na Gaoithe,Allocation Round 1,Offshore Wind,Transmission,Live (Post-FIC),2025-02-28 00:00:00.0000000,448.000
20,AAA-PNE-187,Tralorg Wind Farm,Allocation Round 1,Onshore Wind,Transmission,Live (Post-FIC),2020-10-13 00:00:00.0000000,18.684
21,AAA-REG-175,Netley Landfill Solar,Allocation Round 1,Solar PV,Distribution,Terminated,"",12.000
22,AAA-ROY-172,BHEG Walsall,Allocation Round 1,Advanced Conversion Technology,Distribution,Terminated,"",23.400
23,AAA-SNE-179,Sneddon Law Community Wind Farm,Allocation Round 1,Onshore Wind,Distribution,Live (Post-FIC),2024-04-01 00:00:00.0000000,29.813
24,AAA-SOL-181,Solwaybank Wind Farm,Allocation Round 1,Onshore Wind,Distribution,Live (Post-FIC),2020-11-27 00:00:00.0000000,29.930
25,AR2-DRK-414,Drakelow Renewable Energy Centre,Allocation Round 2,Advanced Conversion Technology,Distribution,Terminated,"",15.000
26,AR2-GRN-401,Grangemouth Renewable Energy Plant,Allocation Round 2,Dedicated Biomass,Distribution,Terminated,"",85.000
27,AR2-HRN-106,Hornsea Project 2 Phase 1,Allocation Round 2,Offshore Wind,Transmission,Live (Post-FIC),2024-03-28 00:00:00.0000000,449.760
28,AR2-HRN-206,Hornsea Project 2 Phase 2,Allocation Round 2,Offshore Wind,Transmission,Live (Post-FIC),2024-03-28 00:00:00.0000000,454.560
29,AR2-HRN-306,Hornsea Project 2 Phase 3,Allocation Round 2,Offshore Wind,Transmission,Live (Post-FIC),2024-03-28 00:00:00.0000000,453.920
30,AR2-IFI-410,IPIF Fort Industrial REC,Allocation Round 2,Advanced Conversion Technology,Distribution,Terminated,2022-03-01 00:00:00.0000000,10.200
31,AR2-MRY-107,Moray Offshore Windfarm (East) Phase 1,Allocation Round 2,Offshore Wind,Transmission,Live (Post-FIC),2024-03-04 00:00:00.0000000,309.469
32,AR2-MRY-207,Moray Offshore Windfarm (East) Phase 2,Allocation Round 2,Offshore Wind,Transmission,Live (Post-FIC),2024-03-04 00:00:00.0000000,309.363
33,AR2-MRY-307,Moray Offshore Windfarm (East) Phase 3,Allocation Round 2,Offshore Wind,Transmission,Live (Post-FIC),2024-03-04 00:00:00.0000000,318.770
34,AR2-NTC-404,Northacre Renewable Energy Centre,Allocation Round 2,Advanced Conversion Technology,Distribution,Terminated,"",25.500
35,AR2-PRO-005,Blackbridge TGS1 Limited,Allocation Round 2,Advanced Conversion Technology,Distribution,Terminated,"",5.560
36,AR2-RBL-412,Rebellion,Allocation Round 2,Dedicated Biomass,Distribution,Terminated,"",0.640
37,AR2-STY-002,Station Yard CFD 1,Allocation Round 2,Advanced Conversion Technology,Distribution,Terminated,"",0.050
38,AR2-TKN-103,Triton Knoll Offshore Wind Farm Phase 1,Allocation Round 2,Offshore Wind,Transmission,Live (Post-FIC),2021-05-17 00:00:00.0000000,216.600
39,AR2-TKN-203,Triton Knoll Offshore Wind Farm Phase 2,Allocation Round 2,Offshore Wind,Transmission,Live (Post-FIC),2021-07-05 00:00:00.0000000,207.200
40,AR2-TKN-303,Triton Knoll Offshore Wind Farm Phase 3,Allocation Round 2,Offshore Wind,Transmission,Live (Post-FIC),2023-04-01 00:00:00.0000000,423.700
41,AR3-BEL-001,Bulwell Energy Limited,Allocation Round 3,Advanced Conversion Technology,Distribution,Terminated,2023-06-30 00:00:00.0000000,27.500
42,AR3-CHW-002,Costa Head Wind Farm,Allocation Round 3,Remote Island Wind,Transmission,Pre-MDD,2028-06-30 00:00:00.0000000,16.320
43,AR3-DLW-112,Druim Leathann Wind Farm Limited,Allocation Round 3,Remote Island Wind,Distribution,Pre-MDD,2030-10-31 00:00:00.0000000,49.500
44,AR3-DP1-101,Dogger Bank A P1,Allocation Round 3,Offshore Wind,Transmission,Pre-Start Date,2026-07-01 00:00:00.0000000,302.400
45,AR3-DP1-102,Dogger Bank A P2,Allocation Round 3,Offshore Wind,Transmission,Pre-Start Date,2026-07-01 00:00:00.0000000,441.000
46,AR3-DP1-103,Dogger Bank A P3,Allocation Round 3,Offshore Wind,Transmission,Pre-Start Date,2026-07-01 00:00:00.0000000,456.600
47,AR3-DP2-201,Dogger Bank B P1,Allocation Round 3,Offshore Wind,Transmission,Pre-Start Date,2026-07-01 00:00:00.0000000,302.400
48,AR3-DP2-202,Dogger Bank B P2,Allocation Round 3,Offshore Wind,Transmission,Pre-Start Date,2026-07-01 00:00:00.0000000,441.000
49,AR3-DP2-203,Dogger Bank B P3,Allocation Round 3,Offshore Wind,Transmission,Pre-Start Date,2026-07-01 00:00:00.0000000,456.600
50,AR3-DP3-301,Dogger Bank C P1,Allocation Round 3,Offshore Wind,Transmission,Pre-Start Date,2027-07-01 00:00:00.0000000,302.400
51,AR3-DP3-302,Dogger Bank C P2,Allocation Round 3,Offshore Wind,Transmission,Pre-Start Date,2027-07-01 00:00:00.0000000,441.000
52,AR3-DP3-303,Dogger Bank C P3,Allocation Round 3,Offshore Wind,Transmission,Pre-Start Date,2027-07-01 00:00:00.0000000,456.600
53,AR3-FWL-321,Forthwind,Allocation Round 3,Offshore Wind,Distribution,Terminated,2024-04-01 00:00:00.0000000,12.000
54,AR3-HHW-001,Hesta Head Wind Farm,Allocation Round 3,Remote Island Wind,Transmission,Pre-MDD,2028-06-30 00:00:00.0000000,20.400
55,AR3-SEW-101,Seagreen Phase 1,Allocation Round 3,Offshore Wind,Transmission,Pre-Start Date,2026-09-30 00:00:00.0000000,138.000
56,AR3-SEW-102,Seagreen Phase 2,Allocation Round 3,Offshore Wind,Transmission,Pre-Start Date,2027-03-30 00:00:00.0000000,158.000
57,AR3-SEW-103,Seagreen Phase 3,Allocation Round 3,Offshore Wind,Transmission,Pre-Start Date,2028-03-29 00:00:00.0000000,158.000
58,AR3-SHB-101,Small Heath Bio Power Limited,Allocation Round 3,Advanced Conversion Technology,Distribution,Terminated,2024-12-31 00:00:00.0000000,6.100
59,AR3-SOW-101,Sofia Offshore Wind Farm Phase 1,Allocation Round 3,Offshore Wind,Transmission,Pre-Start Date,2026-04-30 00:00:00.0000000,364.000
60,AR3-SOW-102,Sofia Offshore Wind Farm Phase 2,Allocation Round 3,Offshore Wind,Transmission,Pre-Start Date,2026-05-30 00:00:00.0000000,420.000
61,AR3-SOW-103,Sofia Offshore Wind Farm Phase 3,Allocation Round 3,Offshore Wind,Transmission,Pre-Start Date,2026-07-30 00:00:00.0000000,616.000
62,AR3-UPL-123,Muaitheabhal Wind Farm,Allocation Round 3,Remote Island Wind,Transmission,Terminated,2030-10-31 00:00:00.0000000,189.000
63,AR4-ADS-700,Adstock,Allocation Round 4,Solar PV,Distribution,Live (Pre-FIC),2025-06-30 00:00:00.0000000,15.000
64,AR4-ASF-700,Alfreton Solar Farm,Allocation Round 4,Solar PV,Distribution,Live (Post-FIC),2025-01-22 00:00:00.0000000,14.576
65,AR4-AWF-610,Arecleoch Wind Farm Extension,Allocation Round 4,Onshore Wind,Transmission,Pre-Start Date,2027-03-31 00:00:00.0000000,74.100
66,AR4-BCW-610,Broken Cross Wind Farm,Allocation Round 4,Onshore Wind,Transmission,Live (Pre-FIC),2027-03-31 00:00:00.0000000,42.350
67,AR4-BFL-910,Beaw Field,Allocation Round 4,Remote Island Wind,Transmission,Terminated,2026-11-30 00:00:00.0000000,72.000
68,AR4-BFS-700,Bracks Farm Solar Park,Allocation Round 4,Solar PV,Distribution,Live (Pre-FIC),2026-04-01 00:00:00.0000000,20.000
69,AR4-BHL-700,Bunkers Hill,Allocation Round 4,Solar PV,Distribution,Live (Pre-FIC),2026-04-01 00:00:00.0000000,49.900
70,AR4-BHS-700,BRYN HENLLYS Solar Farm,Allocation Round 4,Solar PV,Distribution,Terminated,2025-03-31 00:00:00.0000000,26.300
71,AR4-BRC-700,Brackley,Allocation Round 4,Solar PV,Distribution,Pre-Start Date,2026-06-30 00:00:00.0000000,20.000
72,AR4-BRN-700,Braintree,Allocation Round 4,Solar PV,Distribution,Live (Pre-FIC),2025-12-17 00:00:00.0000000,26.000
73,AR4-BSF-700,Brigstock Solar Farm,Allocation Round 4,Solar PV,Distribution,Pre-Start Date,2027-11-01 00:00:00.0000000,49.900
74,AR4-BSL-700,Basildon,Allocation Round 4,Solar PV,Distribution,Live (Pre-FIC),2025-06-30 00:00:00.0000000,15.000
75,AR4-BSP-700,Bishampton Solar PV,Allocation Round 4,Solar PV,Distribution,Live (Post-FIC),2025-01-01 00:00:00.0000000,30.000
76,AR4-CCP-700,Corner Copse,Allocation Round 4,Solar PV,Distribution,Pre-Start Date,2026-07-15 00:00:00.0000000,49.900
77,AR4-CHS-700,Cowley House Solar Farm,Allocation Round 4,Solar PV,Distribution,Pre-Start Date,2026-08-10 00:00:00.0000000,40.000
78,AR4-CLF-700,CLIFTON,Allocation Round 4,Solar PV,Distribution,Pre-Start Date,2026-04-01 00:00:00.0000000,35.000
79,AR4-CLH-710,Cleve Hill Solar Project,Allocation Round 4,Solar PV,Transmission,Live (Post-FIC),2025-11-03 00:00:00.0000000,109.790
80,AR4-CLY-700,Claydon,Allocation Round 4,Solar PV,Distribution,Pre-Start Date,2026-07-31 00:00:00.0000000,45.000
81,AR4-CNS-700,Carn Nicholas Solar Farm,Allocation Round 4,Solar PV,Distribution,Live (Post-FIC),2025-04-17 00:00:00.0000000,8.000
82,AR4-CRN-700,Cornwell,Allocation Round 4,Solar PV,Distribution,Pre-Start Date,2026-06-30 00:00:00.0000000,35.000
83,AR4-CSF-700,Cawarden Solar Farm,Allocation Round 4,Solar PV,Distribution,Pre-Start Date,2026-04-01 00:00:00.0000000,35.710
84,AR4-CSP-700,Cullerlie Solar PV,Allocation Round 4,Solar PV,Distribution,Pre-Start Date,2026-06-30 00:00:00.0000000,8.750
85,AR4-CWF-610,Chirmorie Wind Farm,Allocation Round 4,Onshore Wind,Transmission,Terminated,2026-03-26 00:00:00.0000000,81.600
86,AR4-CWS-610,Cumberhead West,Allocation Round 4,Onshore Wind,Transmission,Pre-Start Date,2026-07-01 00:00:00.0000000,113.200
87,AR4-DBF-700,Down Barn Farm Solar,Allocation Round 4,Solar PV,Distribution,Terminated,2025-03-31 00:00:00.0000000,40.000
88,AR4-DRF-700,Driffield,Allocation Round 4,Solar PV,Distribution,Live (Pre-FIC),2026-01-15 00:00:00.0000000,30.000
89,AR4-DVR-700,Doverdale,Allocation Round 4,Solar PV,Distribution,Live (Pre-FIC),2026-03-31 00:00:00.0000000,49.900
90,AR4-DWE-610,Douglas West Extension,Allocation Round 4,Onshore Wind,Transmission,Terminated,2025-03-31 00:00:00.0000000,71.500
91,AR4-EAS-011,EA3 Phase 1,Allocation Round 4,Offshore Wind,Transmission,Pre-Start Date,2027-03-31 00:00:00.0000000,288.910
92,AR4-EAS-012,EA3 Phase 2,Allocation Round 4,Offshore Wind,Transmission,Pre-Start Date,2029-03-29 00:00:00.0000000,375.590
93,AR4-EAS-013,EA3 Phase 3,Allocation Round 4,Offshore Wind,Transmission,Pre-Start Date,2029-03-30 00:00:00.0000000,390.030
94,AR4-EGH-710,Enso Green Holdings K Limited,Allocation Round 4,Solar PV,Transmission,Pre-MDD,2029-10-31 00:00:00.0000000,49.990
95,AR4-EST-700,Eastfields,Allocation Round 4,Solar PV,Distribution,Live (Pre-FIC),2026-04-01 00:00:00.0000000,25.000
96,AR4-FFN-700,FERRY FARM 3 NORTH,Allocation Round 4,Solar PV,Distribution,Pre-Start Date,2026-04-30 00:00:00.0000000,9.750
97,AR4-HCS-700,High Cayton Solar PV,Allocation Round 4,Solar PV,Distribution,Terminated,2025-03-31 00:00:00.0000000,49.990
98,AR4-HCW-610,High Constellation Wind Farm,Allocation Round 4,Onshore Wind,Transmission,Terminated,2025-12-01 00:00:00.0000000,50.000
99,AR4-HFS-700,Houndbeare Farm Solar Farm,Allocation Round 4,Solar PV,Distribution,Pre-Start Date,2026-04-01 00:00:00.0000000,10.530
100,AR4-HHR-610,Hagshaw Hill Repowering,Allocation Round 4,Onshore Wind,Transmission,Live (Pre-FIC),2027-03-31 00:00:00.0000000,79.800
101,AR4-HPF-700,High Park Foot Solar PV,Allocation Round 4,Solar PV,Distribution,Pre-Start Date,2027-03-01 00:00:00.0000000,20.000
102,AR4-HRL-700,Harlesford,Allocation Round 4,Solar PV,Distribution,Pre-Start Date,2026-06-30 00:00:00.0000000,26.650
103,AR4-HRN-010,Hornsea Project Three Offshore Wind Farm,Allocation Round 4,Offshore Wind,Transmission,Pre-Start Date,2028-03-01 00:00:00.0000000,2146.100
104,AR4-HSF-700,Hasland Solar Farm,Allocation Round 4,Solar PV,Distribution,Pre-Start Date,2027-05-02 00:00:00.0000000,49.900
105,AR4-HST-700,HIGHER STOCKBRIDGE,Allocation Round 4,Solar PV,Distribution,Pre-Start Date,2027-07-15 00:00:00.0000000,35.000
106,AR4-ICP-011,Inch Cape Phase 1,Allocation Round 4,Offshore Wind,Transmission,Pre-Start Date,2027-03-31 00:00:00.0000000,210.000
107,AR4-ICP-012,Inch Cape Phase 2,Allocation Round 4,Offshore Wind,Transmission,Pre-Start Date,2029-03-31 00:00:00.0000000,300.000
108,AR4-ICP-013,Inch Cape Phase 3,Allocation Round 4,Offshore Wind,Transmission,Pre-Start Date,2029-03-31 00:00:00.0000000,300.000
109,AR4-IGS-700,Inkersall Grange Solar Farm,Allocation Round 4,Solar PV,Distribution,Live (Pre-FIC),2026-01-01 00:00:00.0000000,49.900
110,AR4-KWE-610,Kilgallioch windfarm extension,Allocation Round 4,Onshore Wind,Transmission,Pre-Start Date,2027-03-31 00:00:00.0000000,51.300
111,AR4-LEP-700,Longney Estate PV,Allocation Round 4,Solar PV,Distribution,Terminated,2025-03-31 00:00:00.0000000,25.000
112,AR4-LFS-700,Low Farm Solar Park,Allocation Round 4,Solar PV,Distribution,Live (Post-FIC),2025-04-30 00:00:00.0000000,40.060
113,AR4-LSF-700,Litchardon Solar Farm,Allocation Round 4,Solar PV,Distribution,Live (Post-FIC),2025-01-01 00:00:00.0000000,49.900
114,AR4-LYR-700,Layer,Allocation Round 4,Solar PV,Distribution,Live (Pre-FIC),2025-06-30 00:00:00.0000000,45.000
115,AR4-MAS-700,Milltown Airfield Solar PV,Allocation Round 4,Solar PV,Distribution,Terminated,2025-03-31 00:00:00.0000000,49.900
116,AR4-MEY-510,MeyGen Phase 2,Allocation Round 4,Tidal Stream,Transmission,Pre-Start Date,2031-06-30 00:00:00.0000000,28.000
117,AR4-MFP-700,Manor Farm PV,Allocation Round 4,Solar PV,Distribution,Pre-MDD,2026-06-30 00:00:00.0000000,15.000
118,AR4-MFS-700,Bicker Fen Solar Limited,Allocation Round 4,Solar PV,Distribution,Live (Post-FIC),2025-04-24 00:00:00.0000000,18.800
119,AR4-MHL-910,Mossy Hill,Allocation Round 4,Remote Island Wind,Transmission,Terminated,2026-11-30 00:00:00.0000000,48.000
120,AR4-MLF-700,MOSS LANE FARM SOLAR LIMITED,Allocation Round 4,Solar PV,Distribution,Pre-MDD,2026-11-30 00:00:00.0000000,25.000
121,AR4-MMG-500,Morlais Magallanes GR3,Allocation Round 4,Tidal Stream,Distribution,Pre-Start Date,2027-04-01 00:00:00.0000000,5.620
122,AR4-MRY-010,Moray West Offshore Wind Farm,Allocation Round 4,Offshore Wind,Transmission,Pre-Start Date,2027-03-31 00:00:00.0000000,220.500
123,AR4-MYT-710,Myttons,Allocation Round 4,Solar PV,Transmission,Pre-MDD,2029-04-30 00:00:00.0000000,49.990
124,AR4-NEL-700,Whitecross Solar Farm,Allocation Round 4,Solar PV,Distribution,Live (Post-FIC),2025-03-31 00:00:00.0000000,23.000
125,AR4-NEX-700,NEXTPOWER PENTLOW LIMITED,Allocation Round 4,Solar PV,Distribution,Pre-Start Date,2026-06-30 00:00:00.0000000,15.000
126,AR4-NFS-700,North Fossil Solar Farm,Allocation Round 4,Solar PV,Distribution,Pre-Start Date,2026-05-01 00:00:00.0000000,29.400
127,AR4-NKE-610,North Kyle Energy Project,Allocation Round 4,Onshore Wind,Transmission,Pre-Start Date,2027-03-31 00:00:00.0000000,212.000
128,AR4-NOR-011,Norfolk Boreas (Phase 1),Allocation Round 4,Offshore Wind,Transmission,Terminated,2028-03-30 00:00:00.0000000,416.000
129,AR4-NOR-012,Norfolk Boreas (Phase 2),Allocation Round 4,Offshore Wind,Transmission,Terminated,2030-03-28 00:00:00.0000000,505.000
130,AR4-NOR-013,Norfolk Boreas (Phase 3),Allocation Round 4,Offshore Wind,Transmission,Terminated,2030-03-29 00:00:00.0000000,475.000
131,AR4-NXP-700,NEXTPOWER CRIFTON LIMITED,Allocation Round 4,Solar PV,Distribution,Pre-Start Date,2026-06-30 00:00:00.0000000,40.000
132,AR4-NXT-700,Hatherden Solar,Allocation Round 4,Solar PV,Distribution,Pre-Start Date,2026-06-30 00:00:00.0000000,40.000
133,AR4-OKN-900,Orkney Community Wind Farm Project - Quanterness,Allocation Round 4,Remote Island Wind,Distribution,Pre-MDD,2028-09-15 00:00:00.0000000,28.800
134,AR4-OME-504,Orbital Marine Eday 1,Allocation Round 4,Tidal Stream,Distribution,Pre-Start Date,2027-03-16 00:00:00.0000000,2.400
135,AR4-ORB-504,Orbital Marine Eday 2,Allocation Round 4,Tidal Stream,Distribution,Pre-Start Date,2027-03-16 00:00:00.0000000,4.800
136,AR4-ORK-900,Orkney Community Wind Farm Project - Hoy,Allocation Round 4,Remote Island Wind,Distribution,Terminated,2028-06-30 00:00:00.0000000,28.800
137,AR4-OSF-700,Oulton Solar Farm Phase 2,Allocation Round 4,Solar PV,Distribution,Pre-Start Date,2026-05-26 00:00:00.0000000,6.000
138,AR4-RHL-400,Redcar Holdings Limited,Allocation Round 4,Energy from Waste,Distribution,Terminated,"",30.000
139,AR4-RLS-700,Rag Lane Solar,Allocation Round 4,Solar PV,Distribution,Pre-Start Date,2026-06-08 00:00:00.0000000,38.840
140,AR4-RSF-700,Romsey Solar Farm Phase 2,Allocation Round 4,Solar PV,Distribution,Pre-Start Date,2026-04-30 00:00:00.0000000,6.480
141,AR4-RSP-700,Ranksborough Solar PV,Allocation Round 4,Solar PV,Distribution,Terminated,2025-03-31 00:00:00.0000000,30.000
142,AR4-SCL-700,St Cleres,Allocation Round 4,Solar PV,Distribution,Live (Pre-FIC),2025-06-30 00:00:00.0000000,15.000
143,AR4-SDS-700,Scurf Dyke Solar,Allocation Round 4,Solar PV,Distribution,Live (Pre-FIC),2026-04-01 00:00:00.0000000,49.900
144,AR4-SFH-700,South Fambridge Hall Solar,Allocation Round 4,Solar PV,Distribution,Pre-Start Date,2026-04-10 00:00:00.0000000,45.000
145,AR4-SID-700,Siddington Solar Park,Allocation Round 4,Solar PV,Distribution,Live (Post-FIC),2025-04-30 00:00:00.0000000,16.700
146,AR4-SLF-700,Sparrow Lodge Farm Solar PV,Allocation Round 4,Solar PV,Distribution,Terminated,2025-03-31 00:00:00.0000000,20.000
147,AR4-SSF-700,Stokeford Solar Farm,Allocation Round 4,Solar PV,Distribution,Live (Post-FIC),2025-04-24 00:00:00.0000000,20.800
148,AR4-SSP-700,Speyslaw Solar PV,Allocation Round 4,Solar PV,Distribution,Terminated,2025-03-31 00:00:00.0000000,20.000
149,AR4-STV-700,Staveley,Allocation Round 4,Solar PV,Distribution,Live (Pre-FIC),2025-06-30 00:00:00.0000000,20.000
150,AR4-STW-910,Stornoway Wind Farm,Allocation Round 4,Remote Island Wind,Transmission,Terminated,2031-05-31 00:00:00.0000000,200.000
151,AR4-SWF-610,Stranoch Wind Farm,Allocation Round 4,Onshore Wind,Transmission,Terminated,2026-03-30 00:00:00.0000000,99.960
152,AR4-TBS-700,Thorpe Bank Solar Farm,Allocation Round 4,Solar PV,Distribution,Pre-Start Date,2026-08-10 00:00:00.0000000,40.000
153,AR4-TFO-900,TwinHub Floating Offshore Wind Project,Allocation Round 4,Floating Offshore Wind,Distribution,Terminated,2027-03-30 00:00:00.0000000,32.000
154,AR4-TFP-700,Tuckey Farm PV,Allocation Round 4,Solar PV,Distribution,Terminated,2025-03-31 00:00:00.0000000,25.000
155,AR4-TSF-700,Tycroes solar farm,Allocation Round 4,Solar PV,Distribution,Pre-Start Date,2026-04-01 00:00:00.0000000,31.575
156,AR4-VWF-910,Viking Wind Farm,Allocation Round 4,Remote Island Wind,Transmission,Pre-Start Date,2027-03-31 00:00:00.0000000,220.000
157,AR4-WCK-700,Wickham,Allocation Round 4,Solar PV,Distribution,Pre-MDD,2028-04-03 00:00:00.0000000,35.000
158,AR4-WFR-710,Wick Farm,Allocation Round 4,Solar PV,Transmission,Pre-Start Date,2027-01-31 00:00:00.0000000,49.990
159,AR4-WGL-710,Walpole Green Limited,Allocation Round 4,Solar PV,Transmission,Pre-Start Date,2026-12-17 00:00:00.0000000,34.200
160,AR4-WLS-700,Wood lane Solar Farm,Allocation Round 4,Solar PV,Distribution,Terminated,2025-03-31 00:00:00.0000000,40.000
161,AR4-YSF-700,Yelvertoft Solar Farm,Allocation Round 4,Solar PV,Distribution,Live (Pre-FIC),2025-10-28 00:00:00.0000000,37.880
162,AR5-ABW-610,Aberarder Wind Farm,Allocation Round 5,Onshore Wind,Transmission,Pre-MDD,2028-03-31 00:00:00.0000000,49.990
163,AR5-AHS-700,Atherstone Hill Solar PV,Allocation Round 5,Solar PV,Distribution,Terminated,2025-03-31 00:00:00.0000000,26.000
164,AR5-ALS-700,Aller Langport Solar Park,Allocation Round 5,Solar PV,Distribution,Live (Pre-FIC),2025-07-01 00:00:00.0000000,10.000
165,AR5-ANG-700,Anglesey,Allocation Round 5,Solar PV,Distribution,Pre-MDD,2028-03-31 00:00:00.0000000,28.500
166,AR5-ASH-700,Ashorne,Allocation Round 5,Solar PV,Distribution,Pre-Start Date,2028-01-01 00:00:00.0000000,49.900
167,AR5-BAS-700,Barnsdale Solar Park,Allocation Round 5,Solar PV,Distribution,Pre-MDD,2026-10-28 00:00:00.0000000,40.000
168,AR5-BBL-700,Burt20 Burtree Lane,Allocation Round 5,Solar PV,Distribution,Pre-MDD,2026-03-31 00:00:00.0000000,40.000
169,AR5-BBW-600,BB2 Wind Farm,Allocation Round 5,Onshore Wind,Distribution,Pre-MDD,2028-07-01 00:00:00.0000000,43.200
170,AR5-BES-700,Berryhill Solar Farm,Allocation Round 5,Solar PV,Distribution,Pre-MDD,2028-01-01 00:00:00.0000000,45.000
171,AR5-BEW-610,Bhlaraidh Extension Wind Farm,Allocation Round 5,Onshore Wind,Transmission,Terminated,2028-03-31 00:00:00.0000000,100.800
172,AR5-BFS-700,Black Flatts Solar Farm,Allocation Round 5,Solar PV,Distribution,Pre-MDD,2027-12-30 00:00:00.0000000,42.000
173,AR5-BIS-700,Birch,Allocation Round 5,Solar PV,Distribution,Pre-MDD,2028-03-31 00:00:00.0000000,25.000
174,AR5-BLW-610,Blarghour Wind Farm,Allocation Round 5,Onshore Wind,Transmission,Pre-MDD,2028-09-30 00:00:00.0000000,67.200
175,AR5-BRH-700,Brick House Farm,Allocation Round 5,Solar PV,Distribution,Pre-MDD,2027-12-31 00:00:00.0000000,42.000
176,AR5-BRS-700,Bracon Ash Solar Farm,Allocation Round 5,Solar PV,Distribution,Pre-Start Date,2027-04-01 00:00:00.0000000,5.376
177,AR5-BSW-600,Ben Sca Wind Farm,Allocation Round 5,Onshore Wind,Distribution,Pre-MDD,2026-12-31 00:00:00.0000000,40.800
178,AR5-BUH-700,Burnt House Farm,Allocation Round 5,Solar PV,Distribution,Pre-MDD,2027-04-01 00:00:00.0000000,40.000
179,AR5-BWI-610,Benbrack Wind Farm,Allocation Round 5,Onshore Wind,Transmission,Pre-Start Date,2026-05-01 00:00:00.0000000,31.100
180,AR5-CBG-710,Cowley Baldon Green Limited,Allocation Round 5,Solar PV,Transmission,Pre-Start Date,2027-04-01 00:00:00.0000000,49.200
181,AR5-CGW-610,Clash Gour Wind Farm,Allocation Round 5,Onshore Wind,Transmission,Pre-MDD,2029-10-31 00:00:00.0000000,168.750
182,AR5-CIW-600,Camster II Wind Farm Limited,Allocation Round 5,Onshore Wind,Distribution,Pre-Start Date,2027-04-01 00:00:00.0000000,36.000
183,AR5-CLA-700,Clacton,Allocation Round 5,Solar PV,Distribution,Pre-MDD,2028-03-31 00:00:00.0000000,20.000
184,AR5-COT-700,Cotmoor,Allocation Round 5,Solar PV,Distribution,Pre-Start Date,2028-01-01 00:00:00.0000000,49.900
185,AR5-CSP-700,Church Farm Solar PV,Allocation Round 5,Solar PV,Distribution,Terminated,2025-03-31 00:00:00.0000000,25.000
186,AR5-EGH-710,Enso Green Holdings H Limited,Allocation Round 5,Solar PV,Transmission,Pre-MDD,2028-03-31 00:00:00.0000000,40.000
187,AR5-EGR-710,Enso Green Holdings A Limited,Allocation Round 5,Solar PV,Transmission,Pre-MDD,2028-03-31 00:00:00.0000000,40.000
188,AR5-EHW-610,Enoch Hill Windfarm,Allocation Round 5,Onshore Wind,Transmission,Pre-MDD,2027-04-01 00:00:00.0000000,69.000
189,AR5-EMB-500,EMEC Magallanes Berth 1,Allocation Round 5,Tidal Stream,Distribution,Pre-MDD,2027-09-01 00:00:00.0000000,1.500
190,AR5-ENG-710,Enso Green Holdings I Limited,Allocation Round 5,Solar PV,Transmission,Pre-MDD,2026-05-15 00:00:00.0000000,57.000
191,AR5-EUG-600,ENERGYFARM UK GARBET LLP,Allocation Round 5,Onshore Wind,Distribution,Pre-Start Date,2026-10-31 00:00:00.0000000,39.900
192,AR5-EUH-610,Energyfarm UK Hare Craig LLP,Allocation Round 5,Onshore Wind,Transmission,Pre-MDD,2027-10-31 00:00:00.0000000,46.200
193,AR5-EUM-610,ENERGYFARM UK MARGREE LLP,Allocation Round 5,Onshore Wind,Transmission,Pre-MDD,2030-10-31 00:00:00.0000000,50.000
194,AR5-FEW-610,Fell Wind Farm,Allocation Round 5,Onshore Wind,Transmission,Pre-MDD,2028-10-30 00:00:00.0000000,50.000
195,AR5-FTW-600,Foel Trawsnant Wind Farm,Allocation Round 5,Onshore Wind,Distribution,Pre-MDD,2029-02-28 00:00:00.0000000,34.800
196,AR5-GAS-700,Gammaton Solar Farm,Allocation Round 5,Solar PV,Distribution,Pre-Start Date,2028-03-31 00:00:00.0000000,28.570
197,AR5-GMS-700,Galton Manor Solar Farm,Allocation Round 5,Solar PV,Distribution,Pre-MDD,2029-06-29 00:00:00.0000000,20.000
198,AR5-GOS-700,Gonerby Solar,Allocation Round 5,Solar PV,Distribution,Pre-Start Date,2028-03-31 00:00:00.0000000,49.990
199,AR5-GRG-700,Grim12 Grimsby,Allocation Round 5,Solar PV,Distribution,Pre-MDD,2026-03-31 00:00:00.0000000,49.900
200,AR5-GRW-610,Greenburn Wind Park,Allocation Round 5,Onshore Wind,Transmission,Pre-MDD,2029-03-14 00:00:00.0000000,63.000
201,AR5-HAR-700,Harbury,Allocation Round 5,Solar PV,Distribution,Pre-MDD,2028-03-31 00:00:00.0000000,40.000
202,AR5-HEW-610,Heathland Wind Farm,Allocation Round 5,Onshore Wind,Transmission,Pre-MDD,2028-03-31 00:00:00.0000000,40.000
203,AR5-HIN-700,Hinckley,Allocation Round 5,Solar PV,Distribution,Pre-MDD,2028-03-31 00:00:00.0000000,35.000
204,AR5-HUS-700,Hulam Solar Farm,Allocation Round 5,Solar PV,Distribution,Pre-MDD,2028-01-01 00:00:00.0000000,49.990
205,AR5-KEK-700,Kemb04 Kemble,Allocation Round 5,Solar PV,Distribution,Pre-Start Date,2026-03-31 00:00:00.0000000,49.900
206,AR5-KIL-700,Kings Lynn,Allocation Round 5,Solar PV,Distribution,Pre-MDD,2028-04-03 00:00:00.0000000,49.900
207,AR5-LAD-700,Land at Dawley Road (New Works),Allocation Round 5,Solar PV,Distribution,Pre-MDD,2026-03-03 00:00:00.0000000,21.000
208,AR5-LAG-700,Land at Guston Court Farm (Chalkpit),Allocation Round 5,Solar PV,Distribution,Pre-MDD,2027-01-02 00:00:00.0000000,17.000
209,AR5-LAI-610,LAIRG II LLP,Allocation Round 5,Onshore Wind,Transmission,Pre-MDD,2026-10-31 00:00:00.0000000,50.000
210,AR5-LAN-700,Langford,Allocation Round 5,Solar PV,Distribution,Pre-Start Date,2028-01-01 00:00:00.0000000,35.710
211,AR5-LAS-700,Lawns Solar Farm,Allocation Round 5,Solar PV,Distribution,Pre-Start Date,2028-03-31 00:00:00.0000000,20.000
212,AR5-LHW-600,Lurg Hill Wind Farm,Allocation Round 5,Onshore Wind,Distribution,Pre-MDD,2027-01-01 00:00:00.0000000,15.000
213,AR5-LIW-610,Limekiln Wind Farm,Allocation Round 5,Onshore Wind,Transmission,Pre-Start Date,2028-03-31 00:00:00.0000000,106.000
214,AR5-LOH-700,Low Horton,Allocation Round 5,Solar PV,Distribution,Pre-MDD,2027-04-01 00:00:00.0000000,40.000
215,AR5-LOS-700,Locquiers Solar Farm,Allocation Round 5,Solar PV,Distribution,Pre-Start Date,2027-04-30 00:00:00.0000000,12.000
216,AR5-MAR-510,MeyGen AR54,Allocation Round 5,Tidal Stream,Transmission,Pre-MDD,2031-06-30 00:00:00.0000000,1.600
217,AR5-MCG-710,Melksham Calne Green,Allocation Round 5,Solar PV,Transmission,Pre-Start Date,2027-10-01 00:00:00.0000000,18.300
218,AR5-MEA-510,MeyGen AR52,Allocation Round 5,Tidal Stream,Transmission,Pre-MDD,2031-06-30 00:00:00.0000000,5.600
219,AR5-MEB-510,MeyGen AR53,Allocation Round 5,Tidal Stream,Transmission,Pre-MDD,2031-06-30 00:00:00.0000000,2.940
220,AR5-MEY-510,MeyGen AR51,Allocation Round 5,Tidal Stream,Transmission,Pre-MDD,2031-06-30 00:00:00.0000000,11.800
221,AR5-MGP-800,Manhay Geothermal Power Plant,Allocation Round 5,Geothermal,Distribution,Pre-MDD,2027-01-01 00:00:00.0000000,5.000
222,AR5-MIN-710,Minety,Allocation Round 5,Solar PV,Transmission,Pre-MDD,2028-01-01 00:00:00.0000000,47.500
223,AR5-MLS-700,Moreton Lane Solar Farm,Allocation Round 5,Solar PV,Distribution,Pre-Start Date,2028-01-01 00:00:00.0000000,49.000
224,AR5-MME-500,Morlais Mor Energy Zone GO3,Allocation Round 5,Tidal Stream,Distribution,Pre-MDD,2027-03-17 00:00:00.0000000,4.500
225,AR5-MMG-500,Morlais Magallanes GR3 Extension,Allocation Round 5,Tidal Stream,Distribution,Pre-MDD,2028-04-30 00:00:00.0000000,3.000
226,AR5-MOS-700,Moorside Solar Farm,Allocation Round 5,Solar PV,Distribution,Pre-MDD,2029-10-30 00:00:00.0000000,20.000
227,AR5-MVI-510,Morlais Verdant Isles BL3,Allocation Round 5,Tidal Stream,Transmission,Pre-MDD,2028-03-28 00:00:00.0000000,4.900
228,AR5-NSN-700,NextPower SPV 9 Ltd,Allocation Round 5,Solar PV,Distribution,Pre-MDD,2028-03-31 00:00:00.0000000,24.200
229,AR5-OME-504,Orbital Marine Eday 4,Allocation Round 5,Tidal Stream,Distribution,Pre-Start Date,2028-03-16 00:00:00.0000000,4.800
230,AR5-ORM-504,Orbital Marine Eday 3,Allocation Round 5,Tidal Stream,Distribution,Pre-Start Date,2028-03-16 00:00:00.0000000,2.400
231,AR5-PER-700,PERRINPIT ROAD SOLAR LIMITED,Allocation Round 5,Solar PV,Distribution,Pre-MDD,2028-04-01 00:00:00.0000000,38.630
232,AR5-PES-700,Peradon Solar Farm,Allocation Round 5,Solar PV,Distribution,Pre-MDD,2027-04-01 00:00:00.0000000,49.000
233,AR5-PGP-800,Penhallow Geothermal Power Plant,Allocation Round 5,Geothermal,Distribution,Pre-MDD,2027-10-01 00:00:00.0000000,5.000
234,AR5-PLI-600,Pearie Law II Wind Farm Ltd,Allocation Round 5,Onshore Wind,Distribution,Pre-MDD,2028-03-31 00:00:00.0000000,20.700
235,AR5-PRI-700,Primrose,Allocation Round 5,Solar PV,Distribution,Pre-MDD,2028-04-03 00:00:00.0000000,17.600
236,AR5-PRS-700,Preston Farm Solar Park,Allocation Round 5,Solar PV,Distribution,Pre-MDD,2026-06-30 00:00:00.0000000,20.000
237,AR5-PSF-700,Purton solar farm,Allocation Round 5,Solar PV,Distribution,Pre-MDD,2028-04-01 00:00:00.0000000,15.000
238,AR5-RWS-700,Rampisham Woods Solar,Allocation Round 5,Solar PV,Distribution,Live (Pre-FIC),2025-12-14 00:00:00.0000000,7.600
239,AR5-SAB-700,Sandon Brook,Allocation Round 5,Solar PV,Distribution,Pre-MDD,2028-03-31 00:00:00.0000000,41.700
240,AR5-SAW-700,Saffron Walden,Allocation Round 5,Solar PV,Distribution,Pre-MDD,2028-03-31 00:00:00.0000000,12.000
241,AR5-SHA-700,Shaftesbury,Allocation Round 5,Solar PV,Distribution,Pre-MDD,2028-03-31 00:00:00.0000000,20.000
242,AR5-SLW-610,Slickly Wind Farm,Allocation Round 5,Onshore Wind,Transmission,Pre-MDD,2028-03-31 00:00:00.0000000,49.900
243,AR5-SOF-710,Soay Solar Farm,Allocation Round 5,Solar PV,Transmission,Pre-Start Date,2026-12-03 00:00:00.0000000,49.990
244,AR5-SSW-610,Strathy South Wind Farm,Allocation Round 5,Onshore Wind,Transmission,Pre-MDD,2028-03-31 00:00:00.0000000,217.000
245,AR5-STO-700,Stoneshollow,Allocation Round 5,Solar PV,Distribution,Pre-Start Date,2028-01-01 00:00:00.0000000,49.900
246,AR5-SWW-610,Strathy Wood Windfarm,Allocation Round 5,Onshore Wind,Transmission,Pre-Start Date,2027-04-01 00:00:00.0000000,62.700
247,AR5-UDG-800,United Downs Geothermal Power Plant,Allocation Round 5,Geothermal,Distribution,Pre-MDD,2026-05-01 00:00:00.0000000,2.000
248,AR5-VWA-910,Viking Wind Farm AR5,Allocation Round 5,Remote Island Wind,Transmission,Pre-MDD,2028-03-31 00:00:00.0000000,223.600
249,AR5-WES-700,Wood End Solar PV,Allocation Round 5,Solar PV,Distribution,Terminated,2027-11-01 00:00:00.0000000,40.000
250,AR5-WHW-600,Watson Head Wind Farm Limited,Allocation Round 5,Onshore Wind,Distribution,Pre-Start Date,2027-04-01 00:00:00.0000000,8.400
251,AR5-WIS-700,Winkburn Solar Farm,Allocation Round 5,Solar PV,Distribution,Pre-Start Date,2028-03-31 00:00:00.0000000,32.650
252,AR5-WOS-700,WOODINGTON SOLAR LIMITED,Allocation Round 5,Solar PV,Distribution,Pre-MDD,2028-03-31 00:00:00.0000000,44.000
253,AR5-YNL-510,Ynnir Lleuad,Allocation Round 5,Tidal Stream,Transmission,Pre-MDD,2028-03-31 00:00:00.0000000,10.000
254,AR6-ADV-700,Adur Valley,Allocation Round 6,Solar PV,Distribution,Pre-MDD,2028-03-31 00:00:00.0000000,14.250
255,AR6-AFS-700,Aston Flamville Solar PV,Allocation Round 6,Solar PV,Distribution,Pre-MDD,2026-04-01 00:00:00.0000000,20.000
256,AR6-AIT-700,Aithrie,Allocation Round 6,Solar PV,Distribution,Pre-MDD,2028-03-31 00:00:00.0000000,29.900
257,AR6-ALW-600,Alaska Wind Farm,Allocation Round 6,Onshore Wind,Distribution,Pre-MDD,2028-03-31 00:00:00.0000000,8.000
258,AR6-AWI-600,Abergorki Wind Farm,Allocation Round 6,Onshore Wind,Distribution,Pre-MDD,2026-06-30 00:00:00.0000000,9.600
259,AR6-BAR-700,Barnfields,Allocation Round 6,Solar PV,Distribution,Pre-MDD,2028-03-31 00:00:00.0000000,14.820
260,AR6-BEA-700,Benthead Solar Farm,Allocation Round 6,Solar PV,Distribution,Pre-MDD,2027-02-14 00:00:00.0000000,63.000
261,AR6-BED-700,Bedworth Solar,Allocation Round 6,Solar PV,Distribution,Pre-MDD,2028-03-31 00:00:00.0000000,16.000
262,AR6-BEN-610,Benbrack Wind Farm - AR6 - A3,Allocation Round 6,Onshore Wind,Transmission,Pre-Start Date,2026-05-01 00:00:00.0000000,13.500
263,AR6-BER-700,Berkeley,Allocation Round 6,Solar PV,Distribution,Pre-MDD,2028-03-31 00:00:00.0000000,34.580
264,AR6-BIL-700,Billsbrae,Allocation Round 6,Solar PV,Distribution,Pre-MDD,2026-06-30 00:00:00.0000000,25.000
265,AR6-BRG-710,Bramford Green Limited,Allocation Round 6,Solar PV,Transmission,Pre-Start Date,2028-04-01 00:00:00.0000000,22.500
266,AR6-BRS-710,Bramley Solar,Allocation Round 6,Solar PV,Transmission,Pre-MDD,2027-08-15 00:00:00.0000000,49.900
267,AR6-BRW-600,BROWNHILL WIND FARM,Allocation Round 6,Onshore Wind,Distribution,Pre-MDD,2028-03-31 00:00:00.0000000,8.400
268,AR6-BRY-700,Brynryhd Solar Farm,Allocation Round 6,Solar PV,Distribution,Pre-MDD,2028-01-01 00:00:00.0000000,30.000
269,AR6-BSO-700,Bilbo Solar,Allocation Round 6,Solar PV,Distribution,Pre-MDD,2026-07-01 00:00:00.0000000,25.000
270,AR6-BTS-700,Burton Top Farm Station Lane,Allocation Round 6,Solar PV,Distribution,Pre-MDD,2026-07-01 00:00:00.0000000,8.000
271,AR6-BWA-610,Benbrack Wind Farm - AR6 - A2,Allocation Round 6,Onshore Wind,Transmission,Pre-Start Date,2026-05-01 00:00:00.0000000,22.500
272,AR6-CAL-700,Callies,Allocation Round 6,Solar PV,Distribution,Pre-MDD,2028-03-31 00:00:00.0000000,36.560
273,AR6-CAS-700,Carlton Solar Farm,Allocation Round 6,Solar PV,Distribution,Pre-MDD,2026-09-30 00:00:00.0000000,37.500
274,AR6-CAW-600,Camilty Wind Farm,Allocation Round 6,Onshore Wind,Distribution,Pre-MDD,2027-01-01 00:00:00.0000000,21.600
275,AR6-CBT-700,CBT24,Allocation Round 6,Solar PV,Distribution,Pre-MDD,2026-04-15 00:00:00.0000000,12.800
276,AR6-CCS-700,Copse Close Solar Farm,Allocation Round 6,Solar PV,Distribution,Pre-MDD,2028-12-08 00:00:00.0000000,44.000
277,AR6-CHA-700,Charleston,Allocation Round 6,Solar PV,Distribution,Pre-MDD,2027-02-01 00:00:00.0000000,20.000
278,AR6-CHE-700,Chestnut Solar Farm,Allocation Round 6,Solar PV,Distribution,Pre-MDD,2026-06-30 00:00:00.0000000,20.000
279,AR6-CHS-700,Crays Hall Solar Farm,Allocation Round 6,Solar PV,Distribution,Pre-MDD,2026-04-01 00:00:00.0000000,25.920
280,AR6-CHW-610,Chleansaid Wind Farm,Allocation Round 6,Onshore Wind,Transmission,Pre-MDD,2028-11-01 00:00:00.0000000,96.000
281,AR6-CLI-600,Clashindarroch II Wind Farm,Allocation Round 6,Onshore Wind,Distribution,Pre-MDD,2028-03-31 00:00:00.0000000,63.000
282,AR6-CLS-710,CLUMP FARM SOLAR LIMITED,Allocation Round 6,Solar PV,Transmission,Pre-MDD,2028-04-01 00:00:00.0000000,49.990
283,AR6-CLW-610,Cloiche Wind Farm,Allocation Round 6,Onshore Wind,Transmission,Pre-MDD,2028-03-31 00:00:00.0000000,130.500
284,AR6-COL-700,Copse Lodge,Allocation Round 6,Solar PV,Distribution,Pre-MDD,2028-01-01 00:00:00.0000000,9.980
285,AR6-COS-700,Coldharbour Solar Farm,Allocation Round 6,Solar PV,Distribution,Pre-MDD,2028-03-31 00:00:00.0000000,46.000
286,AR6-CRI-610,Crystal Rig IV Ltd,Allocation Round 6,Onshore Wind,Transmission,Pre-MDD,2026-05-01 00:00:00.0000000,48.200
287,AR6-CSO-700,Costock Solar Farm,Allocation Round 6,Solar PV,Distribution,Pre-MDD,2028-01-01 00:00:00.0000000,49.900
288,AR6-CTW-610,Corriegarth 2 Wind Farm Limited,Allocation Round 6,Onshore Wind,Transmission,Pre-MDD,2028-04-01 00:00:00.0000000,66.190
289,AR6-CUT-700,Cutlers,Allocation Round 6,Solar PV,Distribution,Pre-MDD,2028-03-31 00:00:00.0000000,19.760
290,AR6-CWE-600,Carno Wind Farm Extension Phase III,Allocation Round 6,Onshore Wind,Distribution,Pre-MDD,2028-03-01 00:00:00.0000000,45.000
291,AR6-DSO-700,Duxhurst Solar Farm,Allocation Round 6,Solar PV,Distribution,Pre-MDD,2028-03-31 00:00:00.0000000,19.490
292,AR6-DUS-700,Ducklington Solar,Allocation Round 6,Solar PV,Distribution,Pre-MDD,2028-03-31 00:00:00.0000000,18.000
293,AR6-DWS-700,Derril Water Solar Farm,Allocation Round 6,Solar PV,Distribution,Pre-MDD,2026-04-01 00:00:00.0000000,15.500
294,AR6-EAA-011,East Anglia Two Phase 1,Allocation Round 6,Offshore Wind,Transmission,Pre-MDD,2028-05-01 00:00:00.0000000,255.820
295,AR6-EAA-012,East Anglia Two Phase 2,Allocation Round 6,Offshore Wind,Transmission,Pre-MDD,2028-06-17 00:00:00.0000000,346.100
296,AR6-EAA-013,East Anglia Two Phase 3,Allocation Round 6,Offshore Wind,Transmission,Pre-MDD,2028-08-15 00:00:00.0000000,361.150
297,AR6-EAT-010,EA3B,Allocation Round 6,Offshore Wind,Transmission,Pre-MDD,2027-04-01 00:00:00.0000000,158.900
298,AR6-EDW-600,Easter Drumclair wind farm,Allocation Round 6,Onshore Wind,Distribution,Pre-MDD,2026-10-04 00:00:00.0000000,6.000
299,AR6-EXE-700,Exeter,Allocation Round 6,Solar PV,Distribution,Pre-MDD,2028-03-31 00:00:00.0000000,34.580
300,AR6-FAM-700,Fambridge,Allocation Round 6,Solar PV,Distribution,Pre-MDD,2028-03-31 00:00:00.0000000,39.520
301,AR6-FGS-700,Forest Gate Solar,Allocation Round 6,Solar PV,Distribution,Pre-MDD,2027-06-01 00:00:00.0000000,40.000
302,AR6-FRA-700,Fraddon,Allocation Round 6,Solar PV,Distribution,Pre-MDD,2028-01-01 00:00:00.0000000,49.900
303,AR6-GLS-700,Glenniston Solar Farm,Allocation Round 6,Solar PV,Distribution,Pre-MDD,2027-04-30 00:00:00.0000000,39.000
304,AR6-GOW-600,Golticlay Wind Farm,Allocation Round 6,Onshore Wind,Distribution,Pre-MDD,2027-04-01 00:00:00.0000000,62.700
305,AR6-GSO-700,Gaywood Solar Farm,Allocation Round 6,Solar PV,Distribution,Pre-MDD,2027-02-14 00:00:00.0000000,10.500
306,AR6-GSS-700,Grey Street Solar Ltd (Fiskerton 3),Allocation Round 6,Solar PV,Distribution,Pre-MDD,2026-07-01 00:00:00.0000000,49.900
307,AR6-GUR-710,Gunthorpe Road,Allocation Round 6,Solar PV,Transmission,Pre-MDD,2028-03-31 00:00:00.0000000,49.900
308,AR6-GVO-910,Green Volt Offshore Windfarm (GV01),Allocation Round 6,Floating Offshore Wind,Transmission,Pre-MDD,2029-03-31 00:00:00.0000000,400.000
309,AR6-HEE-700,Park Hill Energy Extension,Allocation Round 6,Solar PV,Distribution,Pre-MDD,2028-03-31 00:00:00.0000000,8.000
310,AR6-HES-700,Henley Solar Farm,Allocation Round 6,Solar PV,Distribution,Pre-MDD,2027-02-14 00:00:00.0000000,12.000
311,AR6-HHS-700,Higher Hawkerland solar farm,Allocation Round 6,Solar PV,Distribution,Pre-MDD,2028-03-31 00:00:00.0000000,10.204
312,AR6-HLS-700,Horsey Level Solar Park,Allocation Round 6,Solar PV,Distribution,Pre-Start Date,2026-04-01 00:00:00.0000000,20.000
313,AR6-HOC-700,Hockliffe,Allocation Round 6,Solar PV,Distribution,Pre-MDD,2026-04-01 00:00:00.0000000,20.000
314,AR6-HOP-010,Hornsea Project Three Offshore Wind Farm AR6 C,Allocation Round 6,Offshore Wind,Transmission,Pre-MDD,2027-12-01 00:00:00.0000000,360.000
315,AR6-HOS-700,Horton Solar Farm,Allocation Round 6,Solar PV,Distribution,Pre-MDD,2028-03-31 00:00:00.0000000,50.000
316,AR6-HPF-010,Hornsea Project Four Offshore Wind Farm,Allocation Round 6,Offshore Wind,Transmission,Terminated,2030-01-01 00:00:00.0000000,2400.000
317,AR6-HPR-010,Hornsea Project Three Offshore Wind Farm AR6 B,Allocation Round 6,Offshore Wind,Transmission,Pre-MDD,2027-10-01 00:00:00.0000000,360.000
318,AR6-HPS-700,Hawthorn Pit Solar Farm,Allocation Round 6,Solar PV,Distribution,Pre-MDD,2028-03-31 00:00:00.0000000,45.000
319,AR6-HPT-010,Hornsea Project Three Offshore Wind Farm AR6 A,Allocation Round 6,Offshore Wind,Transmission,Pre-MDD,2027-06-01 00:00:00.0000000,360.000
320,AR6-HSS-700,HSS24,Allocation Round 6,Solar PV,Distribution,Pre-MDD,2027-07-15 00:00:00.0000000,32.000
321,AR6-HWS-700,HW SOLAR FARM LIMITED,Allocation Round 6,Solar PV,Distribution,Pre-MDD,2028-03-31 00:00:00.0000000,18.000
322,AR6-HWZ-610,Heathland Wind Farm - Zone 2,Allocation Round 6,Onshore Wind,Transmission,Pre-MDD,2028-03-31 00:00:00.0000000,40.100
323,AR6-ICA-010,Inch Cape A,Allocation Round 6,Offshore Wind,Transmission,Pre-MDD,2027-08-06 00:00:00.0000000,177.410
324,AR6-ICB-010,Inch Cape B,Allocation Round 6,Offshore Wind,Transmission,Pre-MDD,2027-08-06 00:00:00.0000000,88.700
325,AR6-KES-700,Kemberton Solar Farm,Allocation Round 6,Solar PV,Distribution,Pre-MDD,2027-01-04 00:00:00.0000000,15.000
326,AR6-KFS-700,Kiln Fields Solar Park,Allocation Round 6,Solar PV,Distribution,Pre-Start Date,2026-04-01 00:00:00.0000000,15.000
327,AR6-KHW-600,Kirk Hill Wind Farm,Allocation Round 6,Onshore Wind,Distribution,Pre-MDD,2026-07-01 00:00:00.0000000,7.050
328,AR6-LAW-700,Laynes Wood,Allocation Round 6,Solar PV,Distribution,Pre-MDD,2028-01-01 00:00:00.0000000,49.900
329,AR6-LCS-700,Little Crow Solar Park,Allocation Round 6,Solar PV,Distribution,Pre-MDD,2028-03-31 00:00:00.0000000,99.900
330,AR6-LDS-700,Leigh Delamere Solar,Allocation Round 6,Solar PV,Distribution,Pre-MDD,2027-06-01 00:00:00.0000000,40.000
331,AR6-LEC-700,Leckhampstead Farm,Allocation Round 6,Solar PV,Distribution,Pre-MDD,2027-01-30 00:00:00.0000000,15.000
332,AR6-LES-700,LEEMING SOLAR FARM LIMITED,Allocation Round 6,Solar PV,Distribution,Pre-MDD,2028-03-31 00:00:00.0000000,39.000
333,AR6-LEW-610,Lethans Wind Farm,Allocation Round 6,Onshore Wind,Transmission,Pre-MDD,2028-03-31 00:00:00.0000000,120.000
334,AR6-LON-700,LONGPASTURE SOLAR FARM LIMITED,Allocation Round 6,Solar PV,Distribution,Pre-MDD,2028-03-31 00:00:00.0000000,49.900
335,AR6-LSE-710,Longfield Solar Energy Farm,Allocation Round 6,Solar PV,Transmission,Pre-MDD,2028-06-30 00:00:00.0000000,299.000
336,AR6-LSO-700,Low Farm Solar Farm,Allocation Round 6,Solar PV,Distribution,Pre-MDD,2027-12-01 00:00:00.0000000,49.900
337,AR6-LWF-610,Lorg Wind Farm,Allocation Round 6,Onshore Wind,Transmission,Pre-MDD,2029-01-17 00:00:00.0000000,44.000
338,AR6-MAE-700,Maesmawr Solar Park,Allocation Round 6,Solar PV,Distribution,Pre-MDD,2026-04-01 00:00:00.0000000,20.000
339,AR6-MEC-700,MONTREATHMONT ENERGY CENTRE LIMITED,Allocation Round 6,Solar PV,Distribution,Pre-MDD,2029-10-08 00:00:00.0000000,34.370
340,AR6-MED-510,MeyGen AR62,Allocation Round 6,Tidal Stream,Transmission,Pre-MDD,2031-06-30 00:00:00.0000000,9.000
341,AR6-MEM-500,Magallanes EMEC Berth 1 Extension,Allocation Round 6,Tidal Stream,Distribution,Pre-MDD,2029-03-31 00:00:00.0000000,3.000
342,AR6-MES-700,Meerdyke Solar Farm,Allocation Round 6,Solar PV,Distribution,Pre-MDD,2028-03-31 00:00:00.0000000,49.900
343,AR6-MOW-010,Moray Offshore Windfarm (West) String 9,Allocation Round 6,Offshore Wind,Transmission,Pre-MDD,2028-03-31 00:00:00.0000000,73.500
344,AR6-MSO-700,Moat Farm Solar Farm,Allocation Round 6,Solar PV,Distribution,Pre-MDD,2026-05-01 00:00:00.0000000,20.340
345,AR6-NDS-700,North Dairy Solar Park,Allocation Round 6,Solar PV,Distribution,Pre-MDD,2028-03-31 00:00:00.0000000,47.000
346,AR6-NEC-700,NEXTPOWER CHAPEL LIMITED,Allocation Round 6,Solar PV,Distribution,Pre-MDD,2028-01-01 00:00:00.0000000,17.300
347,AR6-NES-700,NEXTPOWER SPV 14 LIMITED,Allocation Round 6,Solar PV,Distribution,Pre-MDD,2028-03-31 00:00:00.0000000,42.800
348,AR6-NHW-700,NEXTPOWER HORTON WOOD Ltd,Allocation Round 6,Solar PV,Distribution,Pre-MDD,2028-01-01 00:00:00.0000000,50.000
349,AR6-NRT-710,NRT24,Allocation Round 6,Solar PV,Transmission,Pre-MDD,2028-01-15 00:00:00.0000000,40.900
350,AR6-NSO-700,Locks Farm Solar,Allocation Round 6,Solar PV,Distribution,Pre-MDD,2028-01-01 00:00:00.0000000,13.100
351,AR6-OCF-504,OCEANSTAR 5,Allocation Round 6,Tidal Stream,Distribution,Pre-MDD,2029-03-31 00:00:00.0000000,0.500
352,AR6-OCO-504,OCEANSTAR 1,Allocation Round 6,Tidal Stream,Distribution,Pre-MDD,2029-03-31 00:00:00.0000000,1.500
353,AR6-OSS-700,Osberton Solar,Allocation Round 6,Solar PV,Distribution,Pre-MDD,2026-12-01 00:00:00.0000000,34.000
354,AR6-PAS-700,Parkgate Farm Solar,Allocation Round 6,Solar PV,Distribution,Pre-MDD,2028-03-31 00:00:00.0000000,18.000
355,AR6-PHS-700,Preston Hill Solar Farm,Allocation Round 6,Solar PV,Distribution,Pre-MDD,2028-03-31 00:00:00.0000000,49.900
356,AR6-PRW-610,Priestgill Wind Farm,Allocation Round 6,Onshore Wind,Transmission,Pre-MDD,2027-03-31 00:00:00.0000000,43.630
357,AR6-PSO-700,Preston Farm Solar,Allocation Round 6,Solar PV,Distribution,Pre-MDD,2028-03-31 00:00:00.0000000,20.000
358,AR6-PYM-600,Pant y Maen Wind Limited,Allocation Round 6,Onshore Wind,Distribution,Pre-MDD,2027-10-03 00:00:00.0000000,18.000
359,AR6-RAF-710,Rayleigh Fobbing,Allocation Round 6,Solar PV,Transmission,Pre-MDD,2028-03-31 00:00:00.0000000,49.900
360,AR6-RAS-700,Rayleigh Solar Farm,Allocation Round 6,Solar PV,Distribution,Pre-MDD,2028-03-31 00:00:00.0000000,30.000
361,AR6-ROS-700,Rock Farm Solar Farm,Allocation Round 6,Solar PV,Distribution,Pre-MDD,2027-05-01 00:00:00.0000000,40.000
362,AR6-SEH-700,STRATHRUDDIE ENERGY CENTRE LIMITED,Allocation Round 6,Solar PV,Distribution,Pre-MDD,2027-07-30 00:00:00.0000000,20.000
363,AR6-SEO-504,SEASTAR 1,Allocation Round 6,Tidal Stream,Distribution,Pre-MDD,2029-03-31 00:00:00.0000000,4.000
364,AR6-SHP-700,Sheepwash Solar Farm,Allocation Round 6,Solar PV,Distribution,Pre-MDD,2027-05-01 00:00:00.0000000,49.990
365,AR6-SHS-700,Sheraton Hall Solar Farm,Allocation Round 6,Solar PV,Distribution,Pre-MDD,2028-01-01 00:00:00.0000000,40.000
366,AR6-SKS-700,Skeeby Solar Farm,Allocation Round 6,Solar PV,Distribution,Pre-MDD,2027-04-01 00:00:00.0000000,39.000
367,AR6-SOS-700,South Park Solar Farm,Allocation Round 6,Solar PV,Distribution,Pre-MDD,2028-03-31 00:00:00.0000000,14.930
368,AR6-SSO-700,Stargoose Solar Farm,Allocation Round 6,Solar PV,Distribution,Pre-MDD,2027-05-01 00:00:00.0000000,49.990
369,AR6-STS-700,Steeraway Solar Farm,Allocation Round 6,Solar PV,Distribution,Pre-MDD,2026-10-01 00:00:00.0000000,30.000
370,AR6-TAS-700,Tamworth Solar LTD,Allocation Round 6,Solar PV,Distribution,Pre-MDD,2026-07-01 00:00:00.0000000,30.000
371,AR6-TAT-600,Tacher Turbines,Allocation Round 6,Onshore Wind,Distribution,Pre-MDD,2026-05-01 00:00:00.0000000,12.900
372,AR6-TES-700,Thorpe Estate Solar PV,Allocation Round 6,Solar PV,Distribution,Pre-MDD,2026-04-01 00:00:00.0000000,49.900
373,AR6-THS-700,Tolldish Hall Farm Solar,Allocation Round 6,Solar PV,Distribution,Pre-MDD,2028-03-31 00:00:00.0000000,21.180
374,AR6-WEM-700,Wemyss Solar Farm,Allocation Round 6,Solar PV,Distribution,Pre-MDD,2026-04-01 00:00:00.0000000,49.900
375,AR6-WHA-700,Whaddon Farm Solar Park,Allocation Round 6,Solar PV,Distribution,Pre-MDD,2026-05-05 00:00:00.0000000,10.000
376,AR6-WHS-700,West House Solar Farm,Allocation Round 6,Solar PV,Distribution,Pre-MDD,2027-08-19 00:00:00.0000000,41.400
377,AR6-WOE-700,Worlds End Solar Farm,Allocation Round 6,Solar PV,Distribution,Pre-MDD,2028-03-31 00:00:00.0000000,49.900
378,AR6-WSH-700,WSE HARTFORD WOOD LIMITED,Allocation Round 6,Solar PV,Distribution,Pre-MDD,2028-03-31 00:00:00.0000000,49.900
379,AR6-WSI-610,WINDY STANDARD III LIMITED,Allocation Round 6,Onshore Wind,Transmission,Pre-MDD,2026-12-24 00:00:00.0000000,87.600
380,AR6-WSO-700,Whinfield Solar Farm,Allocation Round 6,Solar PV,Distribution,Pre-MDD,2026-05-01 00:00:00.0000000,22.800
381,AR6-WTS-700,Woodwalton Two Solar Farm,Allocation Round 6,Solar PV,Distribution,Pre-MDD,2026-04-01 00:00:00.0000000,16.120
382,AR6-YAS-700,Yanel Farm Solar,Allocation Round 6,Solar PV,Distribution,Pre-MDD,2028-04-01 00:00:00.0000000,36.000
383,AR6-YLT-510,Ynnir Lleuad 2,Allocation Round 6,Tidal Stream,Transmission,Pre-MDD,2028-06-01 00:00:00.0000000,10.000
384,CAA-EAS-166,EA 1 Phase 1,Allocation Round 1,Offshore Wind,Transmission,Live (Post-FIC),"",172.786
385,CAA-EAS-167,EA 1 Phase 2,Allocation Round 1,Offshore Wind,Transmission,Live (Post-FIC),"",283.369
386,CAA-EAS-168,EA 1 Phase 3,Allocation Round 1,Offshore Wind,Transmission,Live (Post-FIC),"",248.812
387,INV-BEA-001,Beatrice Offshore Wind Farm Limited (Phase 1),Investment Contract,Offshore Wind,Transmission,Live (Post-FIC),"",252.000
388,INV-BEA-002,Beatrice Offshore Wind Farm Limited (Phase 2),Investment Contract,Offshore Wind,Transmission,Live (Post-FIC),"",336.000
389,INV-BUR-001,Burbo Bank Extension Offshore Wind Farm,Investment Contract,Offshore Wind,Transmission,Live (Post-FIC),"",258.000
390,INV-DRX-001,Drax 3rd conversion unit (unit 1),Investment Contract,Biomass Conversion,Transmission,Live (Post-FIC),"",645.000
391,INV-DUD-001,Dudgeon Phase 1,Investment Contract,Offshore Wind,Transmission,Live (Post-FIC),"",88.540
392,INV-DUD-002,Dudgeon Phase 2,Investment Contract,Offshore Wind,Transmission,Live (Post-FIC),"",206.230
393,INV-DUD-003,Dudgeon Phase 3,Investment Contract,Offshore Wind,Transmission,Live (Post-FIC),"",100.140
394,INV-HOR-001,Hornsea Offshore Wind Farm Phase 1,Investment Contract,Offshore Wind,Transmission,Live (Post-FIC),"",400.000
395,INV-HOR-002,Hornsea Offshore Wind Farm Phase 2,Investment Contract,Offshore Wind,Transmission,Live (Post-FIC),"",400.000
396,INV-HOR-003,Hornsea Offshore Wind Farm Phase 3,Investment Contract,Offshore Wind,Transmission,Live (Post-FIC),2021-03-31 00:00:00.0000000,400.000
397,INV-LYN-001,Lynemouth Power Station,Investment Contract,Biomass Conversion,Distribution,Live (Post-FIC),"",406.790
398,INV-TEE-001,Teesside Renewable Energy Project,Investment Contract,Dedicated Biomass,Transmission,Live (Post-FIC),"",287.516
399,INV-WAL-001,Walney Extension Offshore Wind Farm Phase 1,Investment Contract,Offshore Wind,Transmission,Live (Post-FIC),"",330.000
400,INV-WAL-002,Walney Extension Offshore Wind Farm Phase 2,Investment Contract,Offshore Wind,Transmission,Live (Post-FIC),"",330.000
401,NUC-HPC-198,Hinkley Point C,Bespoke,Nuclear,Transmission,Pre-MDD,"",3287.160
402,AR7-AYM-011,Awel y Môr Offshore Wind Farm A Phase 1,Allocation Round 7,Offshore Wind,Transmission,Pre-MDD,2031-04-30 00:00:00.0000000,232.500
403,AR7-AYM-012,Awel y Môr Offshore Wind Farm A Phase 2,Allocation Round 7,Offshore Wind,Transmission,Pre-MDD,2031-07-25 00:00:00.0000000,542.500
404,AR7-BBP-011,Berwick Bank Phase B (Phase 1),Allocation Round 7,Offshore Wind,Transmission,Pre-MDD,2031-03-31 00:00:00.0000000,460.000
405,AR7-BBP-012,Berwick Bank Phase B (Phase 2),Allocation Round 7,Offshore Wind,Transmission,Pre-MDD,2031-04-01 00:00:00.0000000,460.000
406,AR7-BBP-013,Berwick Bank Phase B (Phase 3),Allocation Round 7,Offshore Wind,Transmission,Pre-MDD,2031-05-01 00:00:00.0000000,460.000
407,AR7-DBS-011,Dogger Bank South West CfD Unit A Phase 1,Allocation Round 7,Offshore Wind,Transmission,Pre-MDD,2030-10-30 00:00:00.0000000,403.000
408,AR7-DBS-012,Dogger Bank South West CfD Unit A Phase 2,Allocation Round 7,Offshore Wind,Transmission,Pre-MDD,2031-11-30 00:00:00.0000000,558.000
409,AR7-DBS-013,Dogger Bank South West CfD Unit A Phase 3,Allocation Round 7,Offshore Wind,Transmission,Pre-MDD,2031-12-01 00:00:00.0000000,539.000
410,AR7-DOB-011,Dogger Bank South East CfD Unit A Phase 1,Allocation Round 7,Offshore Wind,Transmission,Pre-MDD,2031-03-30 00:00:00.0000000,403.000
411,AR7-DOB-012,Dogger Bank South East CfD Unit A Phase 2,Allocation Round 7,Offshore Wind,Transmission,Pre-MDD,2032-03-15 00:00:00.0000000,558.000
412,AR7-DOB-013,Dogger Bank South East CfD Unit A Phase 3,Allocation Round 7,Offshore Wind,Transmission,Pre-MDD,2032-07-01 00:00:00.0000000,539.000
413,AR7-ERE-910,Erebus,Allocation Round 7,Floating Offshore Wind,Transmission,Pre-MDD,2030-03-31 00:00:00.0000000,100.000
414,AR7-NOV-010,Norfolk Vanguard West CFD Unit C Phase 1,Allocation Round 7,Offshore Wind,Transmission,Pre-MDD,2028-04-29 00:00:00.0000000,75.000
415,AR7-NVA-010,Norfolk Vanguard East CFD Unit C Phase 1,Allocation Round 7,Offshore Wind,Transmission,Pre-MDD,2029-02-17 00:00:00.0000000,75.000
416,AR7-NVB-010,Norfolk Vanguard West CFD Unit B Phase 1,Allocation Round 7,Offshore Wind,Transmission,Pre-MDD,2028-04-13 00:00:00.0000000,90.000
417,AR7-NVC-010,Norfolk Vanguard East CFD Unit B Phase 1,Allocation Round 7,Offshore Wind,Transmission,Pre-MDD,2029-01-28 00:00:00.0000000,90.000
418,AR7-NVE-011,Norfolk Vanguard East CFD Unit A Phase 1,Allocation Round 7,Offshore Wind,Transmission,Pre-MDD,2029-05-15 00:00:00.0000000,525.000
419,AR7-NVE-012,Norfolk Vanguard East CFD Unit A Phase 2,Allocation Round 7,Offshore Wind,Transmission,Pre-MDD,2029-10-11 00:00:00.0000000,690.000
420,AR7-NVW-011,Norfolk Vanguard West CFD Unit A Phase 1,Allocation Round 7,Offshore Wind,Transmission,Pre-MDD,2028-07-08 00:00:00.0000000,615.000
421,AR7-NVW-012,Norfolk Vanguard West CFD Unit A Phase 2,Allocation Round 7,Offshore Wind,Transmission,Pre-MDD,2028-12-01 00:00:00.0000000,600.000
422,AR7-PFO-911,Pentland Floating Offshore Wind Farm Phase 1,Allocation Round 7,Floating Offshore Wind,Transmission,Pre-MDD,2031-03-30 00:00:00.0000000,37.000
423,AR7-PFO-912,Pentland Floating Offshore Wind Farm Phase 2,Allocation Round 7,Floating Offshore Wind,Transmission,Pre-MDD,2031-09-29 00:00:00.0000000,55.500
424,AR7-ABE-700,Aberthaw East,Allocation Round 7,Solar PV,Distribution,Pre-MDD,2030-03-30 00:00:00.0000000,20.000
425,AR7-ABS-700,AR108 BOLT SOLAR FARM LIMITED,Allocation Round 7,Solar PV,Distribution,Pre-MDD,2029-03-31 00:00:00.0000000,6.000
426,AR7-BAA-700,Barnacre Solar Farm,Allocation Round 7,Solar PV,Distribution,Pre-MDD,2027-07-30 00:00:00.0000000,23.000
427,AR7-BBS-700,BF27 BF SOLAR LIMITED,Allocation Round 7,Solar PV,Distribution,Pre-MDD,2028-04-01 00:00:00.0000000,40.000
428,AR7-BEB-700,Bengrove Solar Farm,Allocation Round 7,Solar PV,Distribution,Pre-MDD,2029-02-05 00:00:00.0000000,15.000
429,AR7-BEC-700,Berden Solar,Allocation Round 7,Solar PV,Distribution,Pre-MDD,2027-05-31 00:00:00.0000000,40.250
430,AR7-BEE-700,Belvoir,Allocation Round 7,Solar PV,Distribution,Pre-MDD,2028-04-01 00:00:00.0000000,49.900
431,AR7-BIF-710,Bicker Fen,Allocation Round 7,Solar PV,Transmission,Pre-MDD,"",22.220
432,AR7-BLH-700,Blythe House Solar Farm Limited,Allocation Round 7,Solar PV,Distribution,Pre-MDD,2029-03-31 00:00:00.0000000,45.300
433,AR7-BRA-700,Brynwell Farm Solar,Allocation Round 7,Solar PV,Distribution,Pre-MDD,2027-09-30 00:00:00.0000000,15.310
434,AR7-BRB-700,Brecks Solar farm,Allocation Round 7,Solar PV,Distribution,Pre-MDD,2027-04-01 00:00:00.0000000,34.500
435,AR7-BRD-700,Brookthorpe Solar Farm,Allocation Round 7,Solar PV,Distribution,Pre-MDD,2027-10-01 00:00:00.0000000,8.000
436,AR7-BRF-700,Brownside,Allocation Round 7,Solar PV,Distribution,Pre-MDD,2028-10-30 00:00:00.0000000,35.200
437,AR7-BRI-700,Brinsea,Allocation Round 7,Solar PV,Distribution,Pre-MDD,2028-10-31 00:00:00.0000000,49.900
438,AR7-BRO-700,Brogborough Solar Farm,Allocation Round 7,Solar PV,Distribution,Pre-MDD,2027-04-02 00:00:00.0000000,30.500
439,AR7-BUA-700,Burcot,Allocation Round 7,Solar PV,Distribution,Pre-MDD,2028-04-01 00:00:00.0000000,49.900
440,AR7-BUC-700,Bucklesham Solar Limited,Allocation Round 7,Solar PV,Distribution,Pre-MDD,2029-03-31 00:00:00.0000000,22.500
441,AR7-BUS-700,Butterhill Solar PV,Allocation Round 7,Solar PV,Distribution,Pre-MDD,2028-11-01 00:00:00.0000000,40.000
442,AR7-BWO-700,Bluebell Wood Solar Farm,Allocation Round 7,Solar PV,Distribution,Pre-MDD,2029-02-26 00:00:00.0000000,49.000
443,AR7-BWP-600,Bettyhill Wind Farm Phase 2,Allocation Round 7,Onshore Wind,Distribution,Pre-MDD,2028-03-01 00:00:00.0000000,48.000
444,AR7-BWS-700,BF31 WHF SOLAR LIMITED,Allocation Round 7,Solar PV,Distribution,Pre-MDD,2029-03-31 00:00:00.0000000,25.000
445,AR7-CAT-700,Cattybrook Solar Farm,Allocation Round 7,Solar PV,Distribution,Pre-MDD,2028-05-29 00:00:00.0000000,49.900
446,AR7-CBO-700,Copper Bottom Solar Farm,Allocation Round 7,Solar PV,Distribution,Pre-MDD,2028-03-31 00:00:00.0000000,30.000
447,AR7-CBS-700,California Farm Battery Storage and Solar Plant,Allocation Round 7,Solar PV,Distribution,Pre-MDD,2027-12-02 00:00:00.0000000,49.900
448,AR7-CDW-600,Cairn Duhie Wind Farm,Allocation Round 7,Onshore Wind,Distribution,Pre-MDD,2029-03-31 00:00:00.0000000,67.200
449,AR7-CES-700,Chillington Estate,Allocation Round 7,Solar PV,Distribution,Pre-MDD,2029-01-01 00:00:00.0000000,40.000
450,AR7-CHU-700,Church Farm Solar Farm,Allocation Round 7,Solar PV,Distribution,Pre-MDD,2028-10-01 00:00:00.0000000,49.650
451,AR7-CIS-710,Cwm Ifor Solar Farm,Allocation Round 7,Solar PV,Transmission,Pre-MDD,2027-04-01 00:00:00.0000000,15.000
452,AR7-CLG-600,Clachaig Glen,Allocation Round 7,Onshore Wind,Distribution,Pre-MDD,2028-04-03 00:00:00.0000000,52.800
453,AR7-CMA-700,Caldecote Manor Farm,Allocation Round 7,Solar PV,Distribution,Pre-MDD,2028-03-01 00:00:00.0000000,18.200
454,AR7-COA-700,Colchester Solar Farm,Allocation Round 7,Solar PV,Distribution,Pre-MDD,2028-05-01 00:00:00.0000000,15.000
455,AR7-COB-700,Cox's Brook Solar Park,Allocation Round 7,Solar PV,Distribution,Pre-MDD,2027-04-01 00:00:00.0000000,16.000
456,AR7-COU-700,County Lane,Allocation Round 7,Solar PV,Distribution,Pre-MDD,2028-10-10 00:00:00.0000000,9.000
457,AR7-COV-700,Coven Solar,Allocation Round 7,Solar PV,Distribution,Pre-MDD,2027-05-01 00:00:00.0000000,39.590
458,AR7-CRS-710,Cressing Solar Farm,Allocation Round 7,Solar PV,Transmission,Pre-MDD,2027-08-30 00:00:00.0000000,24.900
459,AR7-CSA-700,Cobwood Solar Farm 1,Allocation Round 7,Solar PV,Distribution,Pre-MDD,2027-10-31 00:00:00.0000000,20.000
460,AR7-CSE-700,Colbrans Solar ESS Limited,Allocation Round 7,Solar PV,Distribution,Pre-MDD,2029-03-31 00:00:00.0000000,39.900
461,AR7-CST-700,Carlton Solar Farm 2,Allocation Round 7,Solar PV,Distribution,Pre-MDD,2027-08-25 00:00:00.0000000,12.400
462,AR7-CYP-700,CYP25,Allocation Round 7,Solar PV,Distribution,Pre-MDD,2028-04-30 00:00:00.0000000,15.000
463,AR7-DEW-600,Drumduff Extension Wind Farm,Allocation Round 7,Onshore Wind,Distribution,Pre-MDD,2028-06-29 00:00:00.0000000,13.050
464,AR7-DPB-700,Deptford Farm PV & Battery,Allocation Round 7,Solar PV,Distribution,Pre-MDD,2029-02-01 00:00:00.0000000,30.000
465,AR7-DWI-600,DEWSHILL WIND FARM,Allocation Round 7,Onshore Wind,Distribution,Pre-MDD,2029-03-31 00:00:00.0000000,11.400
466,AR7-EAB-700,Eastbourne,Allocation Round 7,Solar PV,Distribution,Pre-MDD,2030-03-30 00:00:00.0000000,17.000
467,AR7-EES-700,East End Solar Farm,Allocation Round 7,Solar PV,Distribution,Pre-MDD,2028-02-25 00:00:00.0000000,35.000
468,AR7-EHI-600,ENERGYFARM HYNDBURN II LTD,Allocation Round 7,Onshore Wind,Distribution,Pre-MDD,2027-10-31 00:00:00.0000000,8.200
469,AR7-EHT-610,Enoch Hill 2,Allocation Round 7,Onshore Wind,Transmission,Pre-MDD,2028-04-01 00:00:00.0000000,9.600
470,AR7-ESO-700,Eaton Socon,Allocation Round 7,Solar PV,Distribution,Pre-MDD,2029-03-31 00:00:00.0000000,33.700
471,AR7-EUN-700,Energyfarm UK New Rides Solar LLP,Allocation Round 7,Solar PV,Distribution,Pre-MDD,2027-04-01 00:00:00.0000000,10.000
472,AR7-EUP-600,Energyfarm UK Pencarreg LLP,Allocation Round 7,Onshore Wind,Distribution,Pre-MDD,2027-10-31 00:00:00.0000000,5.010
473,AR7-FFS-700,Field Form Solar,Allocation Round 7,Solar PV,Distribution,Pre-MDD,2028-04-01 00:00:00.0000000,5.010
474,AR7-FIB-700,Fibden Farm,Allocation Round 7,Solar PV,Distribution,Pre-MDD,2028-03-01 00:00:00.0000000,32.000
475,AR7-FIS-700,Firsfield Solar Farm,Allocation Round 7,Solar PV,Distribution,Pre-MDD,2028-07-01 00:00:00.0000000,46.990
476,AR7-FLE-710,Fleet Solar Farm,Allocation Round 7,Solar PV,Transmission,Pre-MDD,2028-03-31 00:00:00.0000000,47.500
477,AR7-FLS-700,Five Lanes Solar,Allocation Round 7,Solar PV,Distribution,Pre-MDD,2028-10-31 00:00:00.0000000,31.580
478,AR7-FOF-700,Foley Farms,Allocation Round 7,Solar PV,Distribution,Pre-MDD,2028-04-01 00:00:00.0000000,16.300
479,AR7-FOR-700,Fair Oaks Renewable Energy Park,Allocation Round 7,Solar PV,Distribution,Pre-MDD,2027-11-30 00:00:00.0000000,49.900
480,AR7-FOS-700,Ford Oaks Solar Farm,Allocation Round 7,Solar PV,Distribution,Pre-MDD,2027-04-02 00:00:00.0000000,30.000
481,AR7-FOX-700,Foxwalks solar farm,Allocation Round 7,Solar PV,Distribution,Pre-MDD,2028-05-01 00:00:00.0000000,29.400
482,AR7-FPA-700,Fernishaw Farm PV and Energy Storage Facility,Allocation Round 7,Solar PV,Distribution,Pre-MDD,2028-12-01 00:00:00.0000000,49.900
483,AR7-FSO-710,Fleet Solar Limited,Allocation Round 7,Solar PV,Transmission,Pre-MDD,2029-03-31 00:00:00.0000000,47.500
484,AR7-GLA-700,Glassthorpe Solar Farm,Allocation Round 7,Solar PV,Distribution,Pre-MDD,2027-09-30 00:00:00.0000000,41.000
485,AR7-GLU-610,Glen Ullinish,Allocation Round 7,Onshore Wind,Transmission,Pre-MDD,2029-03-31 00:00:00.0000000,49.900
486,AR7-GLW-610,Glendye Wind Farm,Allocation Round 7,Onshore Wind,Transmission,Pre-MDD,2030-03-29 00:00:00.0000000,124.800
487,AR7-GRA-700,Grantham,Allocation Round 7,Solar PV,Distribution,Pre-MDD,2030-03-30 00:00:00.0000000,33.000
488,AR7-GRP-700,Grange Farm Palgrave,Allocation Round 7,Solar PV,Distribution,Pre-MDD,2027-04-01 00:00:00.0000000,12.000
489,AR7-GSP-700,Garendon Solar Plant,Allocation Round 7,Solar PV,Distribution,Pre-MDD,2028-10-31 00:00:00.0000000,49.990
490,AR7-GUE-700,Guisborough Estate,Allocation Round 7,Solar PV,Distribution,Pre-MDD,2029-01-01 00:00:00.0000000,39.600
491,AR7-GWL-700,GWL25,Allocation Round 7,Solar PV,Distribution,Pre-MDD,2027-09-30 00:00:00.0000000,16.260
492,AR7-GWS-700,Gabrielspring Wood Solar Park,Allocation Round 7,Solar PV,Distribution,Pre-MDD,2027-04-01 00:00:00.0000000,17.500
493,AR7-GWT-600,Golticlay Wind Farm 2,Allocation Round 7,Onshore Wind,Distribution,Pre-MDD,2028-05-01 00:00:00.0000000,13.200
494,AR7-HAA-700,Hale Farm,Allocation Round 7,Solar PV,Distribution,Pre-MDD,2027-04-01 00:00:00.0000000,40.000
495,AR7-HAG-700,HANNINGFIELD GREEN LIMITED,Allocation Round 7,Solar PV,Distribution,Pre-MDD,2027-07-01 00:00:00.0000000,36.700
496,AR7-HAL-700,Hampton Lodge Solar Farm,Allocation Round 7,Solar PV,Distribution,Pre-MDD,2028-04-01 00:00:00.0000000,16.000
497,AR7-HAS-700,Hatherton Solar Farm,Allocation Round 7,Solar PV,Distribution,Pre-MDD,2027-12-01 00:00:00.0000000,12.000
498,AR7-HEG-700,Hebden Green,Allocation Round 7,Solar PV,Distribution,Pre-MDD,2028-06-04 00:00:00.0000000,15.000
499,AR7-HFT-700,HF25,Allocation Round 7,Solar PV,Distribution,Pre-MDD,2027-12-31 00:00:00.0000000,32.000
500,AR7-HGS-700,HGPV Solar,Allocation Round 7,Solar PV,Distribution,Pre-MDD,2027-02-01 00:00:00.0000000,9.200
501,AR7-HIC-610,High Constellation Wind Farm,Allocation Round 7,Onshore Wind,Transmission,Pre-MDD,2028-04-01 00:00:00.0000000,50.000
502,AR7-HIG-700,Highfield,Allocation Round 7,Solar PV,Distribution,Pre-MDD,2027-04-01 00:00:00.0000000,13.500
503,AR7-HLE-700,Holly Lane Energy Park,Allocation Round 7,Solar PV,Distribution,Pre-MDD,2028-06-01 00:00:00.0000000,25.000
504,AR7-HMS-700,Hett Moor Solar Farm,Allocation Round 7,Solar PV,Distribution,Pre-MDD,2028-11-01 00:00:00.0000000,44.400
505,AR7-HON-700,Honeyhall,Allocation Round 7,Solar PV,Distribution,Pre-MDD,2028-10-31 00:00:00.0000000,30.000
506,AR7-HOW-610,HOPSRIG WIND FARM LIMITED,Allocation Round 7,Onshore Wind,Transmission,Pre-MDD,2029-03-31 00:00:00.0000000,48.000
507,AR7-HSN-700,Highgate Solar Farm Normanby By Spital,Allocation Round 7,Solar PV,Distribution,Pre-MDD,2028-10-31 00:00:00.0000000,8.000
508,AR7-HWT-700,HW25,Allocation Round 7,Solar PV,Distribution,Pre-MDD,2028-05-31 00:00:00.0000000,32.000
509,AR7-IMW-600,Imerys Wind Farm,Allocation Round 7,Onshore Wind,Distribution,Pre-MDD,2027-04-01 00:00:00.0000000,19.960
510,AR7-KEI-700,Keithick,Allocation Round 7,Solar PV,Distribution,Pre-MDD,2029-03-30 00:00:00.0000000,16.000
511,AR7-KIS-700,Kitland Solar Farm,Allocation Round 7,Solar PV,Distribution,Pre-MDD,2029-03-31 00:00:00.0000000,39.990
512,AR7-LAA-700,Lains Farm Solar Limited,Allocation Round 7,Solar PV,Distribution,Pre-MDD,2029-03-31 00:00:00.0000000,18.000
513,AR7-LAL-700,Langer Lane,Allocation Round 7,Solar PV,Distribution,Pre-MDD,2029-01-01 00:00:00.0000000,7.500
514,AR7-LEE-610,Lethans Extension Wind Farm,Allocation Round 7,Onshore Wind,Transmission,Pre-MDD,2029-03-31 00:00:00.0000000,70.000
515,AR7-LER-700,Leaps Rigg,Allocation Round 7,Solar PV,Distribution,Pre-MDD,2028-12-31 00:00:00.0000000,40.000
516,AR7-LHI-700,Lodge Hill Solar Park,Allocation Round 7,Solar PV,Distribution,Pre-MDD,2028-03-31 00:00:00.0000000,12.000
517,AR7-LHS-700,Lark Hill Solar Farm,Allocation Round 7,Solar PV,Distribution,Pre-MDD,2028-06-01 00:00:00.0000000,49.900
518,AR7-LID-700,Little Drum,Allocation Round 7,Solar PV,Distribution,Pre-MDD,2028-03-31 00:00:00.0000000,36.000
519,AR7-LIH-710,Little Hale,Allocation Round 7,Solar PV,Transmission,Pre-MDD,2029-03-31 00:00:00.0000000,49.990
520,AR7-LIM-700,Limebury,Allocation Round 7,Solar PV,Distribution,Pre-MDD,2027-04-01 00:00:00.0000000,5.200
521,AR7-LOA-700,Lower Farm Solar Farm,Allocation Round 7,Solar PV,Distribution,Pre-MDD,2029-03-31 00:00:00.0000000,49.000
522,AR7-LOB-700,Longhedge Solar Farm,Allocation Round 7,Solar PV,Distribution,Pre-MDD,2028-06-01 00:00:00.0000000,49.900
523,AR7-LOF-700,Loch Fergus Solar Farm,Allocation Round 7,Solar PV,Distribution,Pre-MDD,2029-03-15 00:00:00.0000000,45.000
524,AR7-LOW-610,Loganhead Wind Farm,Allocation Round 7,Onshore Wind,Transmission,Pre-MDD,2029-03-31 00:00:00.0000000,36.000
525,AR7-LTL-700,LOWER TEAN LEYS SOLAR FARM LIMITED,Allocation Round 7,Solar PV,Distribution,Pre-MDD,2029-03-31 00:00:00.0000000,49.900
526,AR7-MAL-700,Marsh Lane Solar Farm,Allocation Round 7,Solar PV,Distribution,Pre-MDD,2029-03-31 00:00:00.0000000,30.000
527,AR7-MAN-700,Manor Farm Solar Farm,Allocation Round 7,Solar PV,Distribution,Pre-MDD,2028-09-01 00:00:00.0000000,23.880
528,AR7-MBS-700,Moreton Brook Solar Farm,Allocation Round 7,Solar PV,Distribution,Pre-MDD,2029-03-31 00:00:00.0000000,49.900
529,AR7-MCW-600,Mynydd Carn-Y-Cefn Wind Farm,Allocation Round 7,Onshore Wind,Distribution,Pre-MDD,"",34.000
530,AR7-MEG-510,Mor Energy GO3 Phase2,Allocation Round 7,Tidal Stream,Transmission,Pre-MDD,2029-10-01 00:00:00.0000000,5.500
531,AR7-MFD-600,MYNYDD FFORCH DWM,Allocation Round 7,Onshore Wind,Distribution,Pre-MDD,2027-09-01 00:00:00.0000000,26.800
532,AR7-MIS-700,Milton Farm Solar Farm,Allocation Round 7,Solar PV,Distribution,Pre-MDD,2029-03-31 00:00:00.0000000,10.000
533,AR7-MMS-700,MORETON MORRELL SOLAR LIMITED,Allocation Round 7,Solar PV,Distribution,Pre-MDD,2029-03-31 00:00:00.0000000,20.000
534,AR7-MOL-700,Mopes Lane Solar,Allocation Round 7,Solar PV,Distribution,Pre-MDD,2028-03-31 00:00:00.0000000,5.300
535,AR7-MOU-700,Mount Farm Solar,Allocation Round 7,Solar PV,Distribution,Pre-MDD,2027-10-31 00:00:00.0000000,25.000
536,AR7-MSP-700,Manor Farm Solar Plant,Allocation Round 7,Solar PV,Distribution,Pre-MDD,2027-04-01 00:00:00.0000000,25.000
537,AR7-MTT-510,MORLAIS Tidal Tech GR1 W1.1,Allocation Round 7,Tidal Stream,Transmission,Pre-MDD,2028-04-04 00:00:00.0000000,3.000
538,AR7-MWI-600,Moorshield Wind Farm,Allocation Round 7,Onshore Wind,Distribution,Pre-MDD,2029-03-31 00:00:00.0000000,18.000
539,AR7-MWS-700,Mid Whitestones Solar,Allocation Round 7,Solar PV,Distribution,Pre-MDD,2029-03-15 00:00:00.0000000,9.900
540,AR7-NHS-700,New Hall Solar Farm,Allocation Round 7,Solar PV,Distribution,Pre-MDD,2028-05-31 00:00:00.0000000,22.200
541,AR7-NOW-700,NORTH WEALD,Allocation Round 7,Solar PV,Distribution,Pre-MDD,2028-09-01 00:00:00.0000000,49.900
542,AR7-OAS-700,Oaklands Solar Farm,Allocation Round 7,Solar PV,Distribution,Pre-MDD,2027-04-02 00:00:00.0000000,49.990
543,AR7-OHS-700,Old Hall Solar Farm,Allocation Round 7,Solar PV,Distribution,Pre-MDD,2028-09-01 00:00:00.0000000,17.910
544,AR7-OMA-504,Orbital Marine Eday 5,Allocation Round 7,Tidal Stream,Distribution,Pre-MDD,2030-06-01 00:00:00.0000000,2.400
545,AR7-OMS-700,Old Malton Solar Farm,Allocation Round 7,Solar PV,Distribution,Pre-MDD,2028-10-02 00:00:00.0000000,49.900
546,AR7-OVS-700,OUSE VALLEY SOLAR FARM CIC,Allocation Round 7,Solar PV,Distribution,Pre-MDD,2028-04-01 00:00:00.0000000,10.000
547,AR7-PAC-700,Parley Court,Allocation Round 7,Solar PV,Distribution,Pre-MDD,2030-03-01 00:00:00.0000000,40.000
548,AR7-PAD-700,Parc Dyffryn,Allocation Round 7,Solar PV,Distribution,Pre-MDD,2029-09-29 00:00:00.0000000,49.950
549,AR7-PCP-700,Parc Caenewydd PV & BESS,Allocation Round 7,Solar PV,Distribution,Pre-MDD,2027-12-02 00:00:00.0000000,44.000
550,AR7-PEM-700,Pembrokeshire Solar Park,Allocation Round 7,Solar PV,Distribution,Pre-MDD,2027-11-30 00:00:00.0000000,9.900
551,AR7-PEO-700,Pen Onn Farm,Allocation Round 7,Solar PV,Distribution,Pre-MDD,2029-03-30 00:00:00.0000000,49.900
552,AR7-PEW-610,Pencloe Wind Farm,Allocation Round 7,Onshore Wind,Transmission,Pre-MDD,2026-09-30 00:00:00.0000000,72.000
553,AR7-PIL-700,Pilmoor Solar Farm,Allocation Round 7,Solar PV,Distribution,Pre-MDD,2027-08-02 00:00:00.0000000,49.900
554,AR7-PRA-700,Prentice Farm,Allocation Round 7,Solar PV,Distribution,Pre-MDD,2028-11-01 00:00:00.0000000,20.000
555,AR7-PRG-710,Priory Generation,Allocation Round 7,Solar PV,Transmission,Pre-MDD,2029-03-31 00:00:00.0000000,34.560
556,AR7-PSA-700,PERWINNES SOLAR AND BATTERY STORAGE LIMITED,Allocation Round 7,Solar PV,Distribution,Pre-MDD,2029-03-31 00:00:00.0000000,45.000
557,AR7-QUA-700,Quarry,Allocation Round 7,Solar PV,Distribution,Pre-MDD,2028-06-23 00:00:00.0000000,35.000
558,AR7-RAA-700,Raspberry,Allocation Round 7,Solar PV,Distribution,Pre-MDD,2027-04-01 00:00:00.0000000,49.900
559,AR7-RBS-700,Red Barn Solar,Allocation Round 7,Solar PV,Distribution,Pre-MDD,2027-08-16 00:00:00.0000000,40.000
560,AR7-RHS-700,Rhigos Solar,Allocation Round 7,Solar PV,Distribution,Pre-MDD,"",7.600
561,AR7-ROH-700,Rowley Hill,Allocation Round 7,Solar PV,Distribution,Pre-MDD,2028-10-30 00:00:00.0000000,16.000
562,AR7-ROT-700,Rolleston Farm Park 2,Allocation Round 7,Solar PV,Distribution,Pre-MDD,2026-04-06 00:00:00.0000000,12.000
563,AR7-RSO-700,Rotherham solar 1 Ltd,Allocation Round 7,Solar PV,Distribution,Pre-MDD,2029-03-31 00:00:00.0000000,37.000
564,AR7-SAI-610,SANQUHAR II COMMUNITY WIND FARM BMU1,Allocation Round 7,Onshore Wind,Transmission,Pre-MDD,2027-04-01 00:00:00.0000000,83.400
565,AR7-SAN-700,Sandbay,Allocation Round 7,Solar PV,Distribution,Pre-MDD,2029-03-30 00:00:00.0000000,17.560
566,AR7-SHE-700,Sheepcote Solar,Allocation Round 7,Solar PV,Distribution,Pre-MDD,2027-04-01 00:00:00.0000000,13.800
567,AR7-SIC-610,SANQUHAR II COMMUNITY WIND FARM BMU 2,Allocation Round 7,Onshore Wind,Transmission,Pre-MDD,2028-04-01 00:00:00.0000000,186.000
568,AR7-SIO-700,Six Oaks Renewable Energy Park,Allocation Round 7,Solar PV,Distribution,Pre-MDD,2028-05-31 00:00:00.0000000,35.000
569,AR7-SLS-700,South Lynch Solar Limited,Allocation Round 7,Solar PV,Distribution,Pre-MDD,2029-03-31 00:00:00.0000000,15.000
570,AR7-SOR-700,Sunny Oaks Renewable Energy Park,Allocation Round 7,Solar PV,Distribution,Pre-MDD,2028-03-31 00:00:00.0000000,18.000
571,AR7-SPW-700,Spencers Wood,Allocation Round 7,Solar PV,Distribution,Pre-MDD,2028-06-14 00:00:00.0000000,19.000
572,AR7-STA-700,Staveley Solar Farm,Allocation Round 7,Solar PV,Distribution,Pre-MDD,2027-09-30 00:00:00.0000000,40.000
573,AR7-STB-700,Stowmarket,Allocation Round 7,Solar PV,Distribution,Pre-MDD,2030-03-30 00:00:00.0000000,20.000
574,AR7-STH-700,Straws Hadley Solar Farm,Allocation Round 7,Solar PV,Distribution,Pre-MDD,2028-06-01 00:00:00.0000000,39.500
575,AR7-STR-700,Stowey Road,Allocation Round 7,Solar PV,Distribution,Pre-MDD,2028-03-01 00:00:00.0000000,49.900
576,AR7-SUN-700,Sunderlandwick Solar PV Farm,Allocation Round 7,Solar PV,Distribution,Pre-MDD,2029-03-01 00:00:00.0000000,35.000
577,AR7-SWA-604,Swinlees Wind Farm,Allocation Round 7,Onshore Wind,Distribution,Pre-MDD,2029-03-31 00:00:00.0000000,25.560
578,AR7-SWI-600,Sallachy Wind farm,Allocation Round 7,Onshore Wind,Distribution,Pre-MDD,2030-03-30 00:00:00.0000000,44.100
579,AR7-THB-700,Three Bridges,Allocation Round 7,Solar PV,Distribution,Pre-MDD,2027-04-01 00:00:00.0000000,15.000
580,AR7-THE-610,TWYN HYWEL ENERGY PARK LIMITED,Allocation Round 7,Onshore Wind,Transmission,Pre-MDD,2028-03-31 00:00:00.0000000,93.800
581,AR7-TID-700,Tiddiecross,Allocation Round 7,Solar PV,Distribution,Pre-MDD,2028-12-09 00:00:00.0000000,12.000
582,AR7-TOE-600,Tormywheel Extension,Allocation Round 7,Onshore Wind,Distribution,Pre-MDD,2028-03-31 00:00:00.0000000,9.400
583,AR7-TOH-700,Toot Hill Farm,Allocation Round 7,Solar PV,Distribution,Pre-MDD,2027-07-01 00:00:00.0000000,18.000
584,AR7-TON-700,Tonbridge,Allocation Round 7,Solar PV,Distribution,Pre-MDD,2030-03-30 00:00:00.0000000,6.000
585,AR7-TOR-700,Three Oaks Renewable Energy Park,Allocation Round 7,Solar PV,Distribution,Pre-MDD,2028-09-30 00:00:00.0000000,39.000
586,AR7-TOS-700,Totmonslow Solar,Allocation Round 7,Solar PV,Distribution,Pre-MDD,2026-06-01 00:00:00.0000000,17.590
587,AR7-TRI-700,Trinlaymire,Allocation Round 7,Solar PV,Distribution,Pre-MDD,2029-03-30 00:00:00.0000000,29.900
588,AR7-TSO-700,Talgren Solar Ltd,Allocation Round 7,Solar PV,Distribution,Pre-MDD,2027-04-01 00:00:00.0000000,7.230
589,AR7-TWS-700,Twyford Solar Farm,Allocation Round 7,Solar PV,Distribution,Pre-MDD,2027-10-01 00:00:00.0000000,10.000
590,AR7-UAR-700,UKF086 Attleborough Road,Allocation Round 7,Solar PV,Distribution,Pre-MDD,2027-04-01 00:00:00.0000000,18.000
591,AR7-UAT-700,UKZ139 Apple Tree,Allocation Round 7,Solar PV,Distribution,Pre-MDD,2027-10-29 00:00:00.0000000,27.000
592,AR7-UGH-700,UKZ047 Glebe (Horsford),Allocation Round 7,Solar PV,Distribution,Pre-MDD,2027-10-29 00:00:00.0000000,18.000
593,AR7-UKM-700,UKZ015 Mallows,Allocation Round 7,Solar PV,Distribution,Pre-MDD,2027-10-29 00:00:00.0000000,10.000
594,AR7-UKT-700,UKF092 Tophams,Allocation Round 7,Solar PV,Distribution,Pre-MDD,2027-10-29 00:00:00.0000000,40.000
595,AR7-UMA-704,UKZ020 Maleys,Allocation Round 7,Solar PV,Distribution,Pre-MDD,"",24.500
596,AR7-UOW-600,Upper Ogmore Wind Farm,Allocation Round 7,Onshore Wind,Distribution,Pre-MDD,2029-03-31 00:00:00.0000000,25.800
597,AR7-USR-700,UKZ024 Station Road,Allocation Round 7,Solar PV,Distribution,Pre-MDD,2027-10-25 00:00:00.0000000,15.000
598,AR7-WAS-700,Washdyke Solar Farm,Allocation Round 7,Solar PV,Distribution,Pre-MDD,2028-06-01 00:00:00.0000000,24.750
599,AR7-WBS-710,West Burton Solar Project - AR7 - Site 3,Allocation Round 7,Solar PV,Transmission,Pre-MDD,2029-03-31 00:00:00.0000000,207.300
600,AR7-WBU-710,West Burton Solar Project - AR7 - Site 2,Allocation Round 7,Solar PV,Transmission,Pre-MDD,2029-03-31 00:00:00.0000000,182.600
601,AR7-WBW-610,Whitelaw Brae Wind Farm,Allocation Round 7,Onshore Wind,Transmission,Pre-MDD,2027-06-30 00:00:00.0000000,60.200
602,AR7-WEA-700,Westfield Solar,Allocation Round 7,Solar PV,Distribution,Pre-MDD,2027-11-30 00:00:00.0000000,29.900
603,AR7-WEB-710,West Burton Solar Project - AR7 - Site 1,Allocation Round 7,Solar PV,Transmission,Pre-MDD,2029-03-31 00:00:00.0000000,90.100
604,AR7-WEL-700,Wellbank,Allocation Round 7,Solar PV,Distribution,Pre-MDD,2028-05-31 00:00:00.0000000,25.000
605,AR7-WGS-700,Wormald Green Solar Farm,Allocation Round 7,Solar PV,Distribution,Pre-MDD,2027-07-02 00:00:00.0000000,43.000
606,AR7-WIH-700,Wickham Hall,Allocation Round 7,Solar PV,Distribution,Pre-MDD,2028-03-01 00:00:00.0000000,40.000
607,AR7-WOO-700,Woodlands Farm,Allocation Round 7,Solar PV,Distribution,Pre-MDD,2028-10-01 00:00:00.0000000,40.000
608,AR7-WRS-700,Walkford Road Solar New Milton,Allocation Round 7,Solar PV,Distribution,Pre-MDD,2028-12-31 00:00:00.0000000,12.350
609,AR7-WWS-700,WALLACE WOOD SOLAR FARM LIMITED,Allocation Round 7,Solar PV,Distribution,Pre-MDD,2029-03-31 00:00:00.0000000,42.000
610,AR7-WYE-700,Wyndham Estate,Allocation Round 7,Solar PV,Distribution,Pre-MDD,2028-08-01 00:00:00.0000000,21.050
611,AR7-WYM-710,Wymondley,Allocation Round 7,Solar PV,Transmission,Pre-MDD,2029-03-31 00:00:00.0000000,28.160
612,AR7-YLL-510,Ynni'r Lleuad 3,Allocation Round 7,Tidal Stream,Transmission,Pre-MDD,2029-06-30 00:00:00.0000000,10.000
